seed,protocol_fingerprint,fraction,sensor_count,selection,metric,sign_only,full,improvement,relative_improvement_percent
41,1692babe9d2153d97a0706d0bece7194c22c1fc53b7f215c8f2260f0b820046c,0.0,0,structure,position_mae_x,0.44510157012939455,0.44510157012939455,0.0,0.0
41,1692babe9d2153d97a0706d0bece7194c22c1fc53b7f215c8f2260f0b820046c,0.0,0,structure,position_mae_y,0.41491066360473633,0.41491066360473633,0.0,0.0
41,1692babe9d2153d97a0706d0bece7194c22c1fc53b7f215c8f2260f0b820046c,0.0,0,structure,position_mae_z,0.2198360366821289,0.2198360366821289,0.0,0.0
41,1692babe9d2153d97a0706d0bece7194c22c1fc53b7f215c8f2260f0b820046c,0.0,0,structure,mean_position_mae,0.35994944763183595,0.35994944763183595,0.0,0.0
41,1692babe9d2153d97a0706d0bece7194c22c1fc53b7f215c8f2260f0b820046c,0.0,0,structure,mean_position_3d_error,0.7332394638061523,0.7332394638061523,0.0,0.0
41,1692babe9d2153d97a0706d0bece7194c22c1fc53b7f215c8f2260f0b820046c,0.0,0,structure,charge_magnitude_mae,0.15552479934692381,0.15552479934692381,0.0,0.0
41,1692babe9d2153d97a0706d0bece7194c22c1fc53b7f215c8f2260f0b820046c,0.0,0,structure,relative_sign_accuracy,0.9627999954223633,0.9627999954223633,0.0,0.0
41,1692babe9d2153d97a0706d0bece7194c22c1fc53b7f215c8f2260f0b820046c,0.0,0,structure,relative_configuration_accuracy,0.915,0.915,0.0,0.0
41,1692babe9d2153d97a0706d0bece7194c22c1fc53b7f215c8f2260f0b820046c,0.0,0,structure,pairwise_relative_sign_accuracy,0.9505999984741211,0.9505999984741211,0.0,0.0
41,1692babe9d2153d97a0706d0bece7194c22c1fc53b7f215c8f2260f0b820046c,0.0,0,structure,global_sign_accuracy,,,,
41,1692babe9d2153d97a0706d0bece7194c22c1fc53b7f215c8f2260f0b820046c,0.0,0,structure,global_sign_bce,,,,
41,1692babe9d2153d97a0706d0bece7194c22c1fc53b7f215c8f2260f0b820046c,0.0,0,structure,absolute_sign_accuracy,,,,
41,1692babe9d2153d97a0706d0bece7194c22c1fc53b7f215c8f2260f0b820046c,0.0,0,structure,absolute_sign_set_accuracy,,,,
41,1692babe9d2153d97a0706d0bece7194c22c1fc53b7f215c8f2260f0b820046c,0.0,0,structure,charge_mae,0.19086493301391602,0.19086493301391602,0.0,0.0
41,1692babe9d2153d97a0706d0bece7194c22c1fc53b7f215c8f2260f0b820046c,0.0,0,structure,global_invariant_charge_mae,0.19086493301391602,0.19086493301391602,0.0,0.0
41,1692babe9d2153d97a0706d0bece7194c22c1fc53b7f215c8f2260f0b820046c,0.0,0,total,position_mae_x,0.44510157012939455,0.44510157012939455,0.0,0.0
41,1692babe9d2153d97a0706d0bece7194c22c1fc53b7f215c8f2260f0b820046c,0.0,0,total,position_mae_y,0.41491066360473633,0.41491066360473633,0.0,0.0
41,1692babe9d2153d97a0706d0bece7194c22c1fc53b7f215c8f2260f0b820046c,0.0,0,total,position_mae_z,0.2198360366821289,0.2198360366821289,0.0,0.0
41,1692babe9d2153d97a0706d0bece7194c22c1fc53b7f215c8f2260f0b820046c,0.0,0,total,mean_position_mae,0.35994944763183595,0.35994944763183595,0.0,0.0
41,1692babe9d2153d97a0706d0bece7194c22c1fc53b7f215c8f2260f0b820046c,0.0,0,total,mean_position_3d_error,0.7332394638061523,0.7332394638061523,0.0,0.0
41,1692babe9d2153d97a0706d0bece7194c22c1fc53b7f215c8f2260f0b820046c,0.0,0,total,charge_magnitude_mae,0.15552479934692381,0.15552479934692381,0.0,0.0
41,1692babe9d2153d97a0706d0bece7194c22c1fc53b7f215c8f2260f0b820046c,0.0,0,total,relative_sign_accuracy,0.9627999954223633,0.9627999954223633,0.0,0.0
41,1692babe9d2153d97a0706d0bece7194c22c1fc53b7f215c8f2260f0b820046c,0.0,0,total,relative_configuration_accuracy,0.915,0.915,0.0,0.0
41,1692babe9d2153d97a0706d0bece7194c22c1fc53b7f215c8f2260f0b820046c,0.0,0,total,pairwise_relative_sign_accuracy,0.9505999984741211,0.9505999984741211,0.0,0.0
41,1692babe9d2153d97a0706d0bece7194c22c1fc53b7f215c8f2260f0b820046c,0.0,0,total,global_sign_accuracy,,,,
41,1692babe9d2153d97a0706d0bece7194c22c1fc53b7f215c8f2260f0b820046c,0.0,0,total,global_sign_bce,,,,
41,1692babe9d2153d97a0706d0bece7194c22c1fc53b7f215c8f2260f0b820046c,0.0,0,total,absolute_sign_accuracy,,,,
41,1692babe9d2153d97a0706d0bece7194c22c1fc53b7f215c8f2260f0b820046c,0.0,0,total,absolute_sign_set_accuracy,,,,
41,1692babe9d2153d97a0706d0bece7194c22c1fc53b7f215c8f2260f0b820046c,0.0,0,total,charge_mae,0.19086493301391602,0.19086493301391602,0.0,0.0
41,1692babe9d2153d97a0706d0bece7194c22c1fc53b7f215c8f2260f0b820046c,0.0,0,total,global_invariant_charge_mae,0.19086493301391602,0.19086493301391602,0.0,0.0
41,1692babe9d2153d97a0706d0bece7194c22c1fc53b7f215c8f2260f0b820046c,0.1,3,structure,position_mae_x,0.44510157012939455,0.44955273056030276,-0.0044511604309082076,-1.000032516087108
41,1692babe9d2153d97a0706d0bece7194c22c1fc53b7f215c8f2260f0b820046c,0.1,3,structure,position_mae_y,0.41491066360473633,0.41216368865966796,0.00274697494506837,0.6620641950251897
41,1692babe9d2153d97a0706d0bece7194c22c1fc53b7f215c8f2260f0b820046c,0.1,3,structure,position_mae_z,0.2198360366821289,0.2227170238494873,-0.0028809871673584064,-1.3105163333726577
41,1692babe9d2153d97a0706d0bece7194c22c1fc53b7f215c8f2260f0b820046c,0.1,3,structure,mean_position_mae,0.35994944763183595,0.36147782516479493,-0.00152837753295898,-0.42460893967595065
41,1692babe9d2153d97a0706d0bece7194c22c1fc53b7f215c8f2260f0b820046c,0.1,3,structure,mean_position_3d_error,0.7332394638061523,0.7362384490966797,-0.002998985290527334,-0.4090048938391811
41,1692babe9d2153d97a0706d0bece7194c22c1fc53b7f215c8f2260f0b820046c,0.1,3,structure,charge_magnitude_mae,0.15552479934692381,0.15554253387451172,-1.7734527587909277e-05,-0.011403022323372028
41,1692babe9d2153d97a0706d0bece7194c22c1fc53b7f215c8f2260f0b820046c,0.1,3,structure,relative_sign_accuracy,0.9627999954223633,0.9575999984741211,-0.005199996948242136,-0.5400910856839991
41,1692babe9d2153d97a0706d0bece7194c22c1fc53b7f215c8f2260f0b820046c,0.1,3,structure,relative_configuration_accuracy,0.915,0.909,-0.006000000000000005,-0.6557377049180333
41,1692babe9d2153d97a0706d0bece7194c22c1fc53b7f215c8f2260f0b820046c,0.1,3,structure,pairwise_relative_sign_accuracy,0.9505999984741211,0.9484000015258789,-0.0021999969482422443,-0.2314324586338758
41,1692babe9d2153d97a0706d0bece7194c22c1fc53b7f215c8f2260f0b820046c,0.1,3,structure,global_sign_accuracy,0.85,0.851,0.0010000000000000009,0.11764705882352952
41,1692babe9d2153d97a0706d0bece7194c22c1fc53b7f215c8f2260f0b820046c,0.1,3,structure,global_sign_bce,0.3634685592651367,0.3639967727661133,-0.0005282135009765931,-0.14532577509442327
41,1692babe9d2153d97a0706d0bece7194c22c1fc53b7f215c8f2260f0b820046c,0.1,3,structure,absolute_sign_accuracy,0.8695999984741211,0.8613999938964844,-0.0082000045776367,-0.9429628095705117
41,1692babe9d2153d97a0706d0bece7194c22c1fc53b7f215c8f2260f0b820046c,0.1,3,structure,absolute_sign_set_accuracy,0.831,0.818,-0.013000000000000012,-1.564380264741277
41,1692babe9d2153d97a0706d0bece7194c22c1fc53b7f215c8f2260f0b820046c,0.1,3,structure,charge_mae,0.2983264942169189,0.3086505813598633,-0.01032408714294436,-3.4606672029060612
41,1692babe9d2153d97a0706d0bece7194c22c1fc53b7f215c8f2260f0b820046c,0.1,3,structure,global_invariant_charge_mae,0.19086493301391602,0.19257705116271973,-0.001712118148803704,-0.8970312784899429
41,1692babe9d2153d97a0706d0bece7194c22c1fc53b7f215c8f2260f0b820046c,0.1,3,total,position_mae_x,0.44510157012939455,0.44955273056030276,-0.0044511604309082076,-1.000032516087108
41,1692babe9d2153d97a0706d0bece7194c22c1fc53b7f215c8f2260f0b820046c,0.1,3,total,position_mae_y,0.41491066360473633,0.41216368865966796,0.00274697494506837,0.6620641950251897
41,1692babe9d2153d97a0706d0bece7194c22c1fc53b7f215c8f2260f0b820046c,0.1,3,total,position_mae_z,0.2198360366821289,0.2227170238494873,-0.0028809871673584064,-1.3105163333726577
41,1692babe9d2153d97a0706d0bece7194c22c1fc53b7f215c8f2260f0b820046c,0.1,3,total,mean_position_mae,0.35994944763183595,0.36147782516479493,-0.00152837753295898,-0.42460893967595065
41,1692babe9d2153d97a0706d0bece7194c22c1fc53b7f215c8f2260f0b820046c,0.1,3,total,mean_position_3d_error,0.7332394638061523,0.7362384490966797,-0.002998985290527334,-0.4090048938391811
41,1692babe9d2153d97a0706d0bece7194c22c1fc53b7f215c8f2260f0b820046c,0.1,3,total,charge_magnitude_mae,0.15552479934692381,0.15554253387451172,-1.7734527587909277e-05,-0.011403022323372028
41,1692babe9d2153d97a0706d0bece7194c22c1fc53b7f215c8f2260f0b820046c,0.1,3,total,relative_sign_accuracy,0.9627999954223633,0.9575999984741211,-0.005199996948242136,-0.5400910856839991
41,1692babe9d2153d97a0706d0bece7194c22c1fc53b7f215c8f2260f0b820046c,0.1,3,total,relative_configuration_accuracy,0.915,0.909,-0.006000000000000005,-0.6557377049180333
41,1692babe9d2153d97a0706d0bece7194c22c1fc53b7f215c8f2260f0b820046c,0.1,3,total,pairwise_relative_sign_accuracy,0.9505999984741211,0.9484000015258789,-0.0021999969482422443,-0.2314324586338758
41,1692babe9d2153d97a0706d0bece7194c22c1fc53b7f215c8f2260f0b820046c,0.1,3,total,global_sign_accuracy,0.85,0.851,0.0010000000000000009,0.11764705882352952
41,1692babe9d2153d97a0706d0bece7194c22c1fc53b7f215c8f2260f0b820046c,0.1,3,total,global_sign_bce,0.3634685592651367,0.3639967727661133,-0.0005282135009765931,-0.14532577509442327
41,1692babe9d2153d97a0706d0bece7194c22c1fc53b7f215c8f2260f0b820046c,0.1,3,total,absolute_sign_accuracy,0.8695999984741211,0.8613999938964844,-0.0082000045776367,-0.9429628095705117
41,1692babe9d2153d97a0706d0bece7194c22c1fc53b7f215c8f2260f0b820046c,0.1,3,total,absolute_sign_set_accuracy,0.831,0.818,-0.013000000000000012,-1.564380264741277
41,1692babe9d2153d97a0706d0bece7194c22c1fc53b7f215c8f2260f0b820046c,0.1,3,total,charge_mae,0.2983264942169189,0.3086505813598633,-0.01032408714294436,-3.4606672029060612
41,1692babe9d2153d97a0706d0bece7194c22c1fc53b7f215c8f2260f0b820046c,0.1,3,total,global_invariant_charge_mae,0.19086493301391602,0.19257705116271973,-0.001712118148803704,-0.8970312784899429
41,1692babe9d2153d97a0706d0bece7194c22c1fc53b7f215c8f2260f0b820046c,0.25,8,structure,position_mae_x,0.44510157012939455,0.46493579864501955,-0.019834228515624996,-4.456112906961669
41,1692babe9d2153d97a0706d0bece7194c22c1fc53b7f215c8f2260f0b820046c,0.25,8,structure,position_mae_y,0.41491066360473633,0.4046020622253418,0.010308601379394544,2.484535174351414
41,1692babe9d2153d97a0706d0bece7194c22c1fc53b7f215c8f2260f0b820046c,0.25,8,structure,position_mae_z,0.2198360366821289,0.22235004806518555,-0.0025140113830566524,-1.1435847466135762
41,1692babe9d2153d97a0706d0bece7194c22c1fc53b7f215c8f2260f0b820046c,0.25,8,structure,mean_position_mae,0.35994944763183595,0.36396265792846677,-0.00401321029663082,-1.1149372010526373
41,1692babe9d2153d97a0706d0bece7194c22c1fc53b7f215c8f2260f0b820046c,0.25,8,structure,mean_position_3d_error,0.7332394638061523,0.7453684921264648,-0.012129028320312485,-1.6541701475466486
41,1692babe9d2153d97a0706d0bece7194c22c1fc53b7f215c8f2260f0b820046c,0.25,8,structure,charge_magnitude_mae,0.15552479934692381,0.15650859451293944,-0.0009837951660156274,-0.6325648193386249
41,1692babe9d2153d97a0706d0bece7194c22c1fc53b7f215c8f2260f0b820046c,0.25,8,structure,relative_sign_accuracy,0.9627999954223633,0.9579999923706055,-0.004800003051757762,-0.4985462271062938
41,1692babe9d2153d97a0706d0bece7194c22c1fc53b7f215c8f2260f0b820046c,0.25,8,structure,relative_configuration_accuracy,0.915,0.908,-0.007000000000000006,-0.7650273224043722
41,1692babe9d2153d97a0706d0bece7194c22c1fc53b7f215c8f2260f0b820046c,0.25,8,structure,pairwise_relative_sign_accuracy,0.9505999984741211,0.9473999938964843,-0.003200004577636806,-0.336629979252406
41,1692babe9d2153d97a0706d0bece7194c22c1fc53b7f215c8f2260f0b820046c,0.25,8,structure,global_sign_accuracy,0.864,0.855,-0.009000000000000008,-1.0416666666666676
41,1692babe9d2153d97a0706d0bece7194c22c1fc53b7f215c8f2260f0b820046c,0.25,8,structure,global_sign_bce,0.34991401290893553,0.3605832214355469,-0.010669208526611351,-3.0490943869081324
41,1692babe9d2153d97a0706d0bece7194c22c1fc53b7f215c8f2260f0b820046c,0.25,8,structure,absolute_sign_accuracy,0.8867999954223633,0.8722000045776367,-0.014599990844726629,-1.6463679431767446
41,1692babe9d2153d97a0706d0bece7194c22c1fc53b7f215c8f2260f0b820046c,0.25,8,structure,absolute_sign_set_accuracy,0.847,0.829,-0.018000000000000016,-2.1251475796930364
41,1692babe9d2153d97a0706d0bece7194c22c1fc53b7f215c8f2260f0b820046c,0.25,8,structure,charge_mae,0.2781946067810059,0.29765269088745117,-0.019458084106445284,-6.99441456884987
41,1692babe9d2153d97a0706d0bece7194c22c1fc53b7f215c8f2260f0b820046c,0.25,8,structure,global_invariant_charge_mae,0.19086493301391602,0.1938388271331787,-0.0029738941192626878,-1.5581144594255354
41,1692babe9d2153d97a0706d0bece7194c22c1fc53b7f215c8f2260f0b820046c,0.25,8,total,position_mae_x,0.44510157012939455,0.46171228408813475,-0.016610713958740198,-3.7318929146691913
41,1692babe9d2153d97a0706d0bece7194c22c1fc53b7f215c8f2260f0b820046c,0.25,8,total,position_mae_y,0.41491066360473633,0.41240371322631836,0.0025069503784179714,0.604214496835929
41,1692babe9d2153d97a0706d0bece7194c22c1fc53b7f215c8f2260f0b820046c,0.25,8,total,position_mae_z,0.2198360366821289,0.22056898880004883,-0.0007329521179199328,-0.33340853891927746
41,1692babe9d2153d97a0706d0bece7194c22c1fc53b7f215c8f2260f0b820046c,0.25,8,total,mean_position_mae,0.35994944763183595,0.3648950042724609,-0.00494555664062496,-1.3739586692416268
41,1692babe9d2153d97a0706d0bece7194c22c1fc53b7f215c8f2260f0b820046c,0.25,8,total,mean_position_3d_error,0.7332394638061523,0.7452245559692383,-0.011985092163085964,-1.6345399770046312
41,1692babe9d2153d97a0706d0bece7194c22c1fc53b7f215c8f2260f0b820046c,0.25,8,total,charge_magnitude_mae,0.15552479934692381,0.15597239303588867,-0.0004475936889648535,-0.2877957025788676
41,1692babe9d2153d97a0706d0bece7194c22c1fc53b7f215c8f2260f0b820046c,0.25,8,total,relative_sign_accuracy,0.9627999954223633,0.9564000091552735,-0.006399986267089819,-0.6647264538345016
41,1692babe9d2153d97a0706d0bece7194c22c1fc53b7f215c8f2260f0b820046c,0.25,8,total,relative_configuration_accuracy,0.915,0.902,-0.013000000000000012,-1.4207650273224055
41,1692babe9d2153d97a0706d0bece7194c22c1fc53b7f215c8f2260f0b820046c,0.25,8,total,pairwise_relative_sign_accuracy,0.9505999984741211,0.9433999938964843,-0.007200004577636809,-0.7574168513774535
41,1692babe9d2153d97a0706d0bece7194c22c1fc53b7f215c8f2260f0b820046c,0.25,8,total,global_sign_accuracy,0.864,0.862,-0.0020000000000000018,-0.23148148148148168
41,1692babe9d2153d97a0706d0bece7194c22c1fc53b7f215c8f2260f0b820046c,0.25,8,total,global_sign_bce,0.34991401290893553,0.34903057098388673,0.0008834419250488001,0.252474005743438
41,1692babe9d2153d97a0706d0bece7194c22c1fc53b7f215c8f2260f0b820046c,0.25,8,total,absolute_sign_accuracy,0.8867999954223633,0.8768000030517578,-0.00999999237060556,-1.1276491229392467
41,1692babe9d2153d97a0706d0bece7194c22c1fc53b7f215c8f2260f0b820046c,0.25,8,total,absolute_sign_set_accuracy,0.847,0.83,-0.017000000000000015,-2.0070838252656453
41,1692babe9d2153d97a0706d0bece7194c22c1fc53b7f215c8f2260f0b820046c,0.25,8,total,charge_mae,0.2781946067810059,0.2911668128967285,-0.01297220611572264,-4.662996981078907
41,1692babe9d2153d97a0706d0bece7194c22c1fc53b7f215c8f2260f0b820046c,0.25,8,total,global_invariant_charge_mae,0.19086493301391602,0.1968714771270752,-0.006006544113159179,-3.1470129260052397
41,1692babe9d2153d97a0706d0bece7194c22c1fc53b7f215c8f2260f0b820046c,0.5,16,structure,position_mae_x,0.44510157012939455,0.4767391967773438,-0.031637626647949224,-7.107956648805331
41,1692babe9d2153d97a0706d0bece7194c22c1fc53b7f215c8f2260f0b820046c,0.5,16,structure,position_mae_y,0.41491066360473633,0.43863385009765626,-0.023723186492919934,-5.7176613121517095
41,1692babe9d2153d97a0706d0bece7194c22c1fc53b7f215c8f2260f0b820046c,0.5,16,structure,position_mae_z,0.2198360366821289,0.224801664352417,-0.004965627670288103,-2.2587869328576615
41,1692babe9d2153d97a0706d0bece7194c22c1fc53b7f215c8f2260f0b820046c,0.5,16,structure,mean_position_mae,0.35994944763183595,0.38005825424194334,-0.020108806610107388,-5.586564097377115
41,1692babe9d2153d97a0706d0bece7194c22c1fc53b7f215c8f2260f0b820046c,0.5,16,structure,mean_position_3d_error,0.7332394638061523,0.775558120727539,-0.0423186569213867,-5.771464713821588
41,1692babe9d2153d97a0706d0bece7194c22c1fc53b7f215c8f2260f0b820046c,0.5,16,structure,charge_magnitude_mae,0.15552479934692381,0.1560696201324463,-0.0005448207855224818,-0.3503111965488982
41,1692babe9d2153d97a0706d0bece7194c22c1fc53b7f215c8f2260f0b820046c,0.5,16,structure,relative_sign_accuracy,0.9627999954223633,0.9575999908447266,-0.0052000045776366965,-0.5400918781013856
41,1692babe9d2153d97a0706d0bece7194c22c1fc53b7f215c8f2260f0b820046c,0.5,16,structure,relative_configuration_accuracy,0.915,0.908,-0.007000000000000006,-0.7650273224043722
41,1692babe9d2153d97a0706d0bece7194c22c1fc53b7f215c8f2260f0b820046c,0.5,16,structure,pairwise_relative_sign_accuracy,0.9505999984741211,0.9475999984741211,-0.0030000000000000027,-0.3155901540937856
41,1692babe9d2153d97a0706d0bece7194c22c1fc53b7f215c8f2260f0b820046c,0.5,16,structure,global_sign_accuracy,0.862,0.86,-0.0020000000000000018,-0.232018561484919
41,1692babe9d2153d97a0706d0bece7194c22c1fc53b7f215c8f2260f0b820046c,0.5,16,structure,global_sign_bce,0.3452809066772461,0.35395320892333987,-0.008672302246093777,-2.511665741830398
41,1692babe9d2153d97a0706d0bece7194c22c1fc53b7f215c8f2260f0b820046c,0.5,16,structure,absolute_sign_accuracy,0.88,0.88,0.0,0.0
41,1692babe9d2153d97a0706d0bece7194c22c1fc53b7f215c8f2260f0b820046c,0.5,16,structure,absolute_sign_set_accuracy,0.841,0.84,-0.0010000000000000009,-0.11890606420927478
41,1692babe9d2153d97a0706d0bece7194c22c1fc53b7f215c8f2260f0b820046c,0.5,16,structure,charge_mae,0.2870969715118408,0.28798665046691896,-0.0008896789550781325,-0.3098879623818809
41,1692babe9d2153d97a0706d0bece7194c22c1fc53b7f215c8f2260f0b820046c,0.5,16,structure,global_invariant_charge_mae,0.19086493301391602,0.19319739151000975,-0.002332458496093731,-1.2220466375160024
41,1692babe9d2153d97a0706d0bece7194c22c1fc53b7f215c8f2260f0b820046c,0.5,16,total,position_mae_x,0.44510157012939455,0.4741160659790039,-0.029014495849609356,-6.518623567464526
41,1692babe9d2153d97a0706d0bece7194c22c1fc53b7f215c8f2260f0b820046c,0.5,16,total,position_mae_y,0.41491066360473633,0.42466164398193357,-0.009750980377197238,-2.3501397367040164
41,1692babe9d2153d97a0706d0bece7194c22c1fc53b7f215c8f2260f0b820046c,0.5,16,total,position_mae_z,0.2198360366821289,0.2191256980895996,0.0007103385925292804,0.3231219973076534
41,1692babe9d2153d97a0706d0bece7194c22c1fc53b7f215c8f2260f0b820046c,0.5,16,total,mean_position_mae,0.35994944763183595,0.3726344871520996,-0.012685039520263675,-3.5241169569006274
41,1692babe9d2153d97a0706d0bece7194c22c1fc53b7f215c8f2260f0b820046c,0.5,16,total,mean_position_3d_error,0.7332394638061523,0.7626555862426758,-0.029416122436523473,-4.011802949588684
41,1692babe9d2153d97a0706d0bece7194c22c1fc53b7f215c8f2260f0b820046c,0.5,16,total,charge_magnitude_mae,0.15552479934692381,0.1563466968536377,-0.0008218975067138812,-0.5284671706153452
41,1692babe9d2153d97a0706d0bece7194c22c1fc53b7f215c8f2260f0b820046c,0.5,16,total,relative_sign_accuracy,0.9627999954223633,0.96,-0.0027999954223633106,-0.290817972130858
41,1692babe9d2153d97a0706d0bece7194c22c1fc53b7f215c8f2260f0b820046c,0.5,16,total,relative_configuration_accuracy,0.915,0.908,-0.007000000000000006,-0.7650273224043722
41,1692babe9d2153d97a0706d0bece7194c22c1fc53b7f215c8f2260f0b820046c,0.5,16,total,pairwise_relative_sign_accuracy,0.9505999984741211,0.9463999938964843,-0.004200004577636807,-0.44182669728366786
41,1692babe9d2153d97a0706d0bece7194c22c1fc53b7f215c8f2260f0b820046c,0.5,16,total,global_sign_accuracy,0.862,0.862,0.0,0.0
41,1692babe9d2153d97a0706d0bece7194c22c1fc53b7f215c8f2260f0b820046c,0.5,16,total,global_sign_bce,0.3452809066772461,0.34523715209960937,4.375457763672319e-05,0.012672168310083566
41,1692babe9d2153d97a0706d0bece7194c22c1fc53b7f215c8f2260f0b820046c,0.5,16,total,absolute_sign_accuracy,0.88,0.8764000015258789,-0.003599998474121069,-0.409090735695576
41,1692babe9d2153d97a0706d0bece7194c22c1fc53b7f215c8f2260f0b820046c,0.5,16,total,absolute_sign_set_accuracy,0.841,0.833,-0.008000000000000007,-0.9512485136741983
41,1692babe9d2153d97a0706d0bece7194c22c1fc53b7f215c8f2260f0b820046c,0.5,16,total,charge_mae,0.2870969715118408,0.2942591857910156,-0.0071622142791747945,-2.4947021354697227
41,1692babe9d2153d97a0706d0bece7194c22c1fc53b7f215c8f2260f0b820046c,0.5,16,total,global_invariant_charge_mae,0.19086493301391602,0.19571336555480956,-0.004848432540893538,-2.540242706888456
41,1692babe9d2153d97a0706d0bece7194c22c1fc53b7f215c8f2260f0b820046c,0.75,24,structure,position_mae_x,0.44510157012939455,0.46193317794799804,-0.01683160781860349,-3.781520656894202
41,1692babe9d2153d97a0706d0bece7194c22c1fc53b7f215c8f2260f0b820046c,0.75,24,structure,position_mae_y,0.41491066360473633,0.4041538581848145,0.010756805419921855,2.5925594021775495
41,1692babe9d2153d97a0706d0bece7194c22c1fc53b7f215c8f2260f0b820046c,0.75,24,structure,position_mae_z,0.2198360366821289,0.22417337799072265,-0.004337341308593756,-1.9729892214465816
41,1692babe9d2153d97a0706d0bece7194c22c1fc53b7f215c8f2260f0b820046c,0.75,24,structure,mean_position_mae,0.35994944763183595,0.3634201507568359,-0.0034707031249999742,-0.9642196002339429
41,1692babe9d2153d97a0706d0bece7194c22c1fc53b7f215c8f2260f0b820046c,0.75,24,structure,mean_position_3d_error,0.7332394638061523,0.74100244140625,-0.007762977600097698,-1.0587233752805767
41,1692babe9d2153d97a0706d0bece7194c22c1fc53b7f215c8f2260f0b820046c,0.75,24,structure,charge_magnitude_mae,0.15552479934692381,0.15620050430297852,-0.0006757049560547068,-0.43446765975079965
41,1692babe9d2153d97a0706d0bece7194c22c1fc53b7f215c8f2260f0b820046c,0.75,24,structure,relative_sign_accuracy,0.9627999954223633,0.9567999877929687,-0.006000007629394566,-0.6231831800915691
41,1692babe9d2153d97a0706d0bece7194c22c1fc53b7f215c8f2260f0b820046c,0.75,24,structure,relative_configuration_accuracy,0.915,0.904,-0.01100000000000001,-1.2021857923497279
41,1692babe9d2153d97a0706d0bece7194c22c1fc53b7f215c8f2260f0b820046c,0.75,24,structure,pairwise_relative_sign_accuracy,0.9505999984741211,0.9448000106811524,-0.005799987792968753,-0.6101396804416942
41,1692babe9d2153d97a0706d0bece7194c22c1fc53b7f215c8f2260f0b820046c,0.75,24,structure,global_sign_accuracy,0.867,0.867,0.0,0.0
41,1692babe9d2153d97a0706d0bece7194c22c1fc53b7f215c8f2260f0b820046c,0.75,24,structure,global_sign_bce,0.34232909393310545,0.34574879455566404,-0.0034197006225585858,-0.9989512089868791
41,1692babe9d2153d97a0706d0bece7194c22c1fc53b7f215c8f2260f0b820046c,0.75,24,structure,absolute_sign_accuracy,0.885,0.8758000030517578,-0.00919999694824225,-1.039547677767486
41,1692babe9d2153d97a0706d0bece7194c22c1fc53b7f215c8f2260f0b820046c,0.75,24,structure,absolute_sign_set_accuracy,0.847,0.831,-0.016000000000000014,-1.8890200708382543
41,1692babe9d2153d97a0706d0bece7194c22c1fc53b7f215c8f2260f0b820046c,0.75,24,structure,charge_mae,0.2811720142364502,0.29477050399780275,-0.013598489761352528,-4.836359620739831
41,1692babe9d2153d97a0706d0bece7194c22c1fc53b7f215c8f2260f0b820046c,0.75,24,structure,global_invariant_charge_mae,0.19086493301391602,0.19695333671569823,-0.006088403701782208,-3.1899016784493885
41,1692babe9d2153d97a0706d0bece7194c22c1fc53b7f215c8f2260f0b820046c,0.75,24,total,position_mae_x,0.44510157012939455,0.46193317794799804,-0.01683160781860349,-3.781520656894202
41,1692babe9d2153d97a0706d0bece7194c22c1fc53b7f215c8f2260f0b820046c,0.75,24,total,position_mae_y,0.41491066360473633,0.4041538581848145,0.010756805419921855,2.5925594021775495
41,1692babe9d2153d97a0706d0bece7194c22c1fc53b7f215c8f2260f0b820046c,0.75,24,total,position_mae_z,0.2198360366821289,0.22417337799072265,-0.004337341308593756,-1.9729892214465816
41,1692babe9d2153d97a0706d0bece7194c22c1fc53b7f215c8f2260f0b820046c,0.75,24,total,mean_position_mae,0.35994944763183595,0.3634201507568359,-0.0034707031249999742,-0.9642196002339429
41,1692babe9d2153d97a0706d0bece7194c22c1fc53b7f215c8f2260f0b820046c,0.75,24,total,mean_position_3d_error,0.7332394638061523,0.74100244140625,-0.007762977600097698,-1.0587233752805767
41,1692babe9d2153d97a0706d0bece7194c22c1fc53b7f215c8f2260f0b820046c,0.75,24,total,charge_magnitude_mae,0.15552479934692381,0.15620050430297852,-0.0006757049560547068,-0.43446765975079965
41,1692babe9d2153d97a0706d0bece7194c22c1fc53b7f215c8f2260f0b820046c,0.75,24,total,relative_sign_accuracy,0.9627999954223633,0.9567999877929687,-0.006000007629394566,-0.6231831800915691
41,1692babe9d2153d97a0706d0bece7194c22c1fc53b7f215c8f2260f0b820046c,0.75,24,total,relative_configuration_accuracy,0.915,0.904,-0.01100000000000001,-1.2021857923497279
41,1692babe9d2153d97a0706d0bece7194c22c1fc53b7f215c8f2260f0b820046c,0.75,24,total,pairwise_relative_sign_accuracy,0.9505999984741211,0.9448000106811524,-0.005799987792968753,-0.6101396804416942
41,1692babe9d2153d97a0706d0bece7194c22c1fc53b7f215c8f2260f0b820046c,0.75,24,total,global_sign_accuracy,0.867,0.867,0.0,0.0
41,1692babe9d2153d97a0706d0bece7194c22c1fc53b7f215c8f2260f0b820046c,0.75,24,total,global_sign_bce,0.34232909393310545,0.34574879455566404,-0.0034197006225585858,-0.9989512089868791
41,1692babe9d2153d97a0706d0bece7194c22c1fc53b7f215c8f2260f0b820046c,0.75,24,total,absolute_sign_accuracy,0.885,0.8758000030517578,-0.00919999694824225,-1.039547677767486
41,1692babe9d2153d97a0706d0bece7194c22c1fc53b7f215c8f2260f0b820046c,0.75,24,total,absolute_sign_set_accuracy,0.847,0.831,-0.016000000000000014,-1.8890200708382543
41,1692babe9d2153d97a0706d0bece7194c22c1fc53b7f215c8f2260f0b820046c,0.75,24,total,charge_mae,0.2811720142364502,0.29477050399780275,-0.013598489761352528,-4.836359620739831
41,1692babe9d2153d97a0706d0bece7194c22c1fc53b7f215c8f2260f0b820046c,0.75,24,total,global_invariant_charge_mae,0.19086493301391602,0.19695333671569823,-0.006088403701782208,-3.1899016784493885
41,1692babe9d2153d97a0706d0bece7194c22c1fc53b7f215c8f2260f0b820046c,1.0,32,structure,position_mae_x,0.44510157012939455,0.4664375076293945,-0.021335937499999957,-4.79349859264649
41,1692babe9d2153d97a0706d0bece7194c22c1fc53b7f215c8f2260f0b820046c,1.0,32,structure,position_mae_y,0.41491066360473633,0.4214212532043457,-0.006510589599609373,-1.569154560416811
41,1692babe9d2153d97a0706d0bece7194c22c1fc53b7f215c8f2260f0b820046c,1.0,32,structure,position_mae_z,0.2198360366821289,0.22389054489135743,-0.004054508209228536,-1.8443328356993338
41,1692babe9d2153d97a0706d0bece7194c22c1fc53b7f215c8f2260f0b820046c,1.0,32,structure,mean_position_mae,0.35994944763183595,0.37058311462402344,-0.010633666992187485,-2.9542112266453118
41,1692babe9d2153d97a0706d0bece7194c22c1fc53b7f215c8f2260f0b820046c,1.0,32,structure,mean_position_3d_error,0.7332394638061523,0.7555088500976562,-0.02226938629150388,-3.037123257919908
41,1692babe9d2153d97a0706d0bece7194c22c1fc53b7f215c8f2260f0b820046c,1.0,32,structure,charge_magnitude_mae,0.15552479934692381,0.1549491500854492,0.0005756492614746034,0.3701334217384344
41,1692babe9d2153d97a0706d0bece7194c22c1fc53b7f215c8f2260f0b820046c,1.0,32,structure,relative_sign_accuracy,0.9627999954223633,0.9579999923706055,-0.004800003051757762,-0.4985462271062938
41,1692babe9d2153d97a0706d0bece7194c22c1fc53b7f215c8f2260f0b820046c,1.0,32,structure,relative_configuration_accuracy,0.915,0.906,-0.009000000000000008,-0.98360655737705
41,1692babe9d2153d97a0706d0bece7194c22c1fc53b7f215c8f2260f0b820046c,1.0,32,structure,pairwise_relative_sign_accuracy,0.9505999984741211,0.9458000183105468,-0.004799980163574302,-0.5049421598231757
41,1692babe9d2153d97a0706d0bece7194c22c1fc53b7f215c8f2260f0b820046c,1.0,32,structure,global_sign_accuracy,0.864,0.866,0.0020000000000000018,0.23148148148148168
41,1692babe9d2153d97a0706d0bece7194c22c1fc53b7f215c8f2260f0b820046c,1.0,32,structure,global_sign_bce,0.3403714141845703,0.3399958381652832,0.0003755760192870605,0.11034299698370091
41,1692babe9d2153d97a0706d0bece7194c22c1fc53b7f215c8f2260f0b820046c,1.0,32,structure,absolute_sign_accuracy,0.8828000030517578,0.8800000076293946,-0.0027999954223631995,-0.317172112900303
41,1692babe9d2153d97a0706d0bece7194c22c1fc53b7f215c8f2260f0b820046c,1.0,32,structure,absolute_sign_set_accuracy,0.844,0.836,-0.008000000000000007,-0.9478672985782
41,1692babe9d2153d97a0706d0bece7194c22c1fc53b7f215c8f2260f0b820046c,1.0,32,structure,charge_mae,0.28409596824645994,0.289014705657959,-0.004918737411499063,-1.7313647363104931
41,1692babe9d2153d97a0706d0bece7194c22c1fc53b7f215c8f2260f0b820046c,1.0,32,structure,global_invariant_charge_mae,0.19086493301391602,0.19488438606262207,-0.004019453048706045,-2.105914892398273
41,1692babe9d2153d97a0706d0bece7194c22c1fc53b7f215c8f2260f0b820046c,1.0,32,total,position_mae_x,0.44510157012939455,0.4664375076293945,-0.021335937499999957,-4.79349859264649
41,1692babe9d2153d97a0706d0bece7194c22c1fc53b7f215c8f2260f0b820046c,1.0,32,total,position_mae_y,0.41491066360473633,0.4214212532043457,-0.006510589599609373,-1.569154560416811
41,1692babe9d2153d97a0706d0bece7194c22c1fc53b7f215c8f2260f0b820046c,1.0,32,total,position_mae_z,0.2198360366821289,0.22389054489135743,-0.004054508209228536,-1.8443328356993338
41,1692babe9d2153d97a0706d0bece7194c22c1fc53b7f215c8f2260f0b820046c,1.0,32,total,mean_position_mae,0.35994944763183595,0.37058311462402344,-0.010633666992187485,-2.9542112266453118
41,1692babe9d2153d97a0706d0bece7194c22c1fc53b7f215c8f2260f0b820046c,1.0,32,total,mean_position_3d_error,0.7332394638061523,0.7555088500976562,-0.02226938629150388,-3.037123257919908
41,1692babe9d2153d97a0706d0bece7194c22c1fc53b7f215c8f2260f0b820046c,1.0,32,total,charge_magnitude_mae,0.15552479934692381,0.1549491500854492,0.0005756492614746034,0.3701334217384344
41,1692babe9d2153d97a0706d0bece7194c22c1fc53b7f215c8f2260f0b820046c,1.0,32,total,relative_sign_accuracy,0.9627999954223633,0.9579999923706055,-0.004800003051757762,-0.4985462271062938
41,1692babe9d2153d97a0706d0bece7194c22c1fc53b7f215c8f2260f0b820046c,1.0,32,total,relative_configuration_accuracy,0.915,0.906,-0.009000000000000008,-0.98360655737705
41,1692babe9d2153d97a0706d0bece7194c22c1fc53b7f215c8f2260f0b820046c,1.0,32,total,pairwise_relative_sign_accuracy,0.9505999984741211,0.9458000183105468,-0.004799980163574302,-0.5049421598231757
41,1692babe9d2153d97a0706d0bece7194c22c1fc53b7f215c8f2260f0b820046c,1.0,32,total,global_sign_accuracy,0.864,0.866,0.0020000000000000018,0.23148148148148168
41,1692babe9d2153d97a0706d0bece7194c22c1fc53b7f215c8f2260f0b820046c,1.0,32,total,global_sign_bce,0.3403714141845703,0.3399958381652832,0.0003755760192870605,0.11034299698370091
41,1692babe9d2153d97a0706d0bece7194c22c1fc53b7f215c8f2260f0b820046c,1.0,32,total,absolute_sign_accuracy,0.8828000030517578,0.8800000076293946,-0.0027999954223631995,-0.317172112900303
41,1692babe9d2153d97a0706d0bece7194c22c1fc53b7f215c8f2260f0b820046c,1.0,32,total,absolute_sign_set_accuracy,0.844,0.836,-0.008000000000000007,-0.9478672985782
41,1692babe9d2153d97a0706d0bece7194c22c1fc53b7f215c8f2260f0b820046c,1.0,32,total,charge_mae,0.28409596824645994,0.289014705657959,-0.004918737411499063,-1.7313647363104931
41,1692babe9d2153d97a0706d0bece7194c22c1fc53b7f215c8f2260f0b820046c,1.0,32,total,global_invariant_charge_mae,0.19086493301391602,0.19488438606262207,-0.004019453048706045,-2.105914892398273
42,8567ef203a5ee597693e62a0d260fe98a784dc1fcc7e208a2e46a44a434c391d,0.0,0,structure,position_mae_x,0.45867706298828126,0.45867706298828126,0.0,0.0
42,8567ef203a5ee597693e62a0d260fe98a784dc1fcc7e208a2e46a44a434c391d,0.0,0,structure,position_mae_y,0.4339174041748047,0.4339174041748047,0.0,0.0
42,8567ef203a5ee597693e62a0d260fe98a784dc1fcc7e208a2e46a44a434c391d,0.0,0,structure,position_mae_z,0.2313655548095703,0.2313655548095703,0.0,0.0
42,8567ef203a5ee597693e62a0d260fe98a784dc1fcc7e208a2e46a44a434c391d,0.0,0,structure,mean_position_mae,0.3746533432006836,0.3746533432006836,0.0,0.0
42,8567ef203a5ee597693e62a0d260fe98a784dc1fcc7e208a2e46a44a434c391d,0.0,0,structure,mean_position_3d_error,0.76283984375,0.76283984375,0.0,0.0
42,8567ef203a5ee597693e62a0d260fe98a784dc1fcc7e208a2e46a44a434c391d,0.0,0,structure,charge_magnitude_mae,0.1591237678527832,0.1591237678527832,0.0,0.0
42,8567ef203a5ee597693e62a0d260fe98a784dc1fcc7e208a2e46a44a434c391d,0.0,0,structure,relative_sign_accuracy,0.9623999938964843,0.9623999938964843,0.0,0.0
42,8567ef203a5ee597693e62a0d260fe98a784dc1fcc7e208a2e46a44a434c391d,0.0,0,structure,relative_configuration_accuracy,0.914,0.914,0.0,0.0
42,8567ef203a5ee597693e62a0d260fe98a784dc1fcc7e208a2e46a44a434c391d,0.0,0,structure,pairwise_relative_sign_accuracy,0.9500000228881836,0.9500000228881836,0.0,0.0
42,8567ef203a5ee597693e62a0d260fe98a784dc1fcc7e208a2e46a44a434c391d,0.0,0,structure,global_sign_accuracy,,,,
42,8567ef203a5ee597693e62a0d260fe98a784dc1fcc7e208a2e46a44a434c391d,0.0,0,structure,global_sign_bce,,,,
42,8567ef203a5ee597693e62a0d260fe98a784dc1fcc7e208a2e46a44a434c391d,0.0,0,structure,absolute_sign_accuracy,,,,
42,8567ef203a5ee597693e62a0d260fe98a784dc1fcc7e208a2e46a44a434c391d,0.0,0,structure,absolute_sign_set_accuracy,,,,
42,8567ef203a5ee597693e62a0d260fe98a784dc1fcc7e208a2e46a44a434c391d,0.0,0,structure,charge_mae,0.1953316078186035,0.1953316078186035,0.0,0.0
42,8567ef203a5ee597693e62a0d260fe98a784dc1fcc7e208a2e46a44a434c391d,0.0,0,structure,global_invariant_charge_mae,0.1953316078186035,0.1953316078186035,0.0,0.0
42,8567ef203a5ee597693e62a0d260fe98a784dc1fcc7e208a2e46a44a434c391d,0.0,0,total,position_mae_x,0.45867706298828126,0.45867706298828126,0.0,0.0
42,8567ef203a5ee597693e62a0d260fe98a784dc1fcc7e208a2e46a44a434c391d,0.0,0,total,position_mae_y,0.4339174041748047,0.4339174041748047,0.0,0.0
42,8567ef203a5ee597693e62a0d260fe98a784dc1fcc7e208a2e46a44a434c391d,0.0,0,total,position_mae_z,0.2313655548095703,0.2313655548095703,0.0,0.0
42,8567ef203a5ee597693e62a0d260fe98a784dc1fcc7e208a2e46a44a434c391d,0.0,0,total,mean_position_mae,0.3746533432006836,0.3746533432006836,0.0,0.0
42,8567ef203a5ee597693e62a0d260fe98a784dc1fcc7e208a2e46a44a434c391d,0.0,0,total,mean_position_3d_error,0.76283984375,0.76283984375,0.0,0.0
42,8567ef203a5ee597693e62a0d260fe98a784dc1fcc7e208a2e46a44a434c391d,0.0,0,total,charge_magnitude_mae,0.1591237678527832,0.1591237678527832,0.0,0.0
42,8567ef203a5ee597693e62a0d260fe98a784dc1fcc7e208a2e46a44a434c391d,0.0,0,total,relative_sign_accuracy,0.9623999938964843,0.9623999938964843,0.0,0.0
42,8567ef203a5ee597693e62a0d260fe98a784dc1fcc7e208a2e46a44a434c391d,0.0,0,total,relative_configuration_accuracy,0.914,0.914,0.0,0.0
42,8567ef203a5ee597693e62a0d260fe98a784dc1fcc7e208a2e46a44a434c391d,0.0,0,total,pairwise_relative_sign_accuracy,0.9500000228881836,0.9500000228881836,0.0,0.0
42,8567ef203a5ee597693e62a0d260fe98a784dc1fcc7e208a2e46a44a434c391d,0.0,0,total,global_sign_accuracy,,,,
42,8567ef203a5ee597693e62a0d260fe98a784dc1fcc7e208a2e46a44a434c391d,0.0,0,total,global_sign_bce,,,,
42,8567ef203a5ee597693e62a0d260fe98a784dc1fcc7e208a2e46a44a434c391d,0.0,0,total,absolute_sign_accuracy,,,,
42,8567ef203a5ee597693e62a0d260fe98a784dc1fcc7e208a2e46a44a434c391d,0.0,0,total,absolute_sign_set_accuracy,,,,
42,8567ef203a5ee597693e62a0d260fe98a784dc1fcc7e208a2e46a44a434c391d,0.0,0,total,charge_mae,0.1953316078186035,0.1953316078186035,0.0,0.0
42,8567ef203a5ee597693e62a0d260fe98a784dc1fcc7e208a2e46a44a434c391d,0.0,0,total,global_invariant_charge_mae,0.1953316078186035,0.1953316078186035,0.0,0.0
42,8567ef203a5ee597693e62a0d260fe98a784dc1fcc7e208a2e46a44a434c391d,0.1,3,structure,position_mae_x,0.45867706298828126,0.4575963249206543,0.001080738067626985,0.2356206915135403
42,8567ef203a5ee597693e62a0d260fe98a784dc1fcc7e208a2e46a44a434c391d,0.1,3,structure,position_mae_y,0.4339174041748047,0.42182804870605467,0.012089355468750007,2.7860960063910643
42,8567ef203a5ee597693e62a0d260fe98a784dc1fcc7e208a2e46a44a434c391d,0.1,3,structure,position_mae_z,0.2313655548095703,0.22829096794128417,0.0030745868682861277,1.3288870380107891
42,8567ef203a5ee597693e62a0d260fe98a784dc1fcc7e208a2e46a44a434c391d,0.1,3,structure,mean_position_mae,0.3746533432006836,0.3692384567260742,0.005414886474609415,1.445305793443547
42,8567ef203a5ee597693e62a0d260fe98a784dc1fcc7e208a2e46a44a434c391d,0.1,3,structure,mean_position_3d_error,0.76283984375,0.7532137603759765,0.009626083374023486,1.2618747503674144
42,8567ef203a5ee597693e62a0d260fe98a784dc1fcc7e208a2e46a44a434c391d,0.1,3,structure,charge_magnitude_mae,0.1591237678527832,0.15742432975769044,0.0016994380950927646,1.0679976461247678
42,8567ef203a5ee597693e62a0d260fe98a784dc1fcc7e208a2e46a44a434c391d,0.1,3,structure,relative_sign_accuracy,0.9623999938964843,0.9595999908447266,-0.00280000305175776,-0.290939637314558
42,8567ef203a5ee597693e62a0d260fe98a784dc1fcc7e208a2e46a44a434c391d,0.1,3,structure,relative_configuration_accuracy,0.914,0.91,-0.0040000000000000036,-0.4376367614879654
42,8567ef203a5ee597693e62a0d260fe98a784dc1fcc7e208a2e46a44a434c391d,0.1,3,structure,pairwise_relative_sign_accuracy,0.9500000228881836,0.9482000122070312,-0.0018000106811524308,-0.18947480397737787
42,8567ef203a5ee597693e62a0d260fe98a784dc1fcc7e208a2e46a44a434c391d,0.1,3,structure,global_sign_accuracy,0.849,0.846,-0.0030000000000000027,-0.3533568904593643
42,8567ef203a5ee597693e62a0d260fe98a784dc1fcc7e208a2e46a44a434c391d,0.1,3,structure,global_sign_bce,0.3644038848876953,0.3676952362060547,-0.0032913513183593923,-0.9032152111588342
42,8567ef203a5ee597693e62a0d260fe98a784dc1fcc7e208a2e46a44a434c391d,0.1,3,structure,absolute_sign_accuracy,0.8698000106811523,0.8608000030517579,-0.009000007629394458,-1.0347214898682777
42,8567ef203a5ee597693e62a0d260fe98a784dc1fcc7e208a2e46a44a434c391d,0.1,3,structure,absolute_sign_set_accuracy,0.829,0.819,-0.010000000000000009,-1.2062726176115814
42,8567ef203a5ee597693e62a0d260fe98a784dc1fcc7e208a2e46a44a434c391d,0.1,3,structure,charge_mae,0.3016634941101074,0.31093827438354493,-0.009274780273437533,-3.074545132084239
42,8567ef203a5ee597693e62a0d260fe98a784dc1fcc7e208a2e46a44a434c391d,0.1,3,structure,global_invariant_charge_mae,0.1953316078186035,0.1963012866973877,-0.0009696788787841859,-0.4964270194738207
42,8567ef203a5ee597693e62a0d260fe98a784dc1fcc7e208a2e46a44a434c391d,0.1,3,total,position_mae_x,0.45867706298828126,0.4575963249206543,0.001080738067626985,0.2356206915135403
42,8567ef203a5ee597693e62a0d260fe98a784dc1fcc7e208a2e46a44a434c391d,0.1,3,total,position_mae_y,0.4339174041748047,0.42182804870605467,0.012089355468750007,2.7860960063910643
42,8567ef203a5ee597693e62a0d260fe98a784dc1fcc7e208a2e46a44a434c391d,0.1,3,total,position_mae_z,0.2313655548095703,0.22829096794128417,0.0030745868682861277,1.3288870380107891
42,8567ef203a5ee597693e62a0d260fe98a784dc1fcc7e208a2e46a44a434c391d,0.1,3,total,mean_position_mae,0.3746533432006836,0.3692384567260742,0.005414886474609415,1.445305793443547
42,8567ef203a5ee597693e62a0d260fe98a784dc1fcc7e208a2e46a44a434c391d,0.1,3,total,mean_position_3d_error,0.76283984375,0.7532137603759765,0.009626083374023486,1.2618747503674144
42,8567ef203a5ee597693e62a0d260fe98a784dc1fcc7e208a2e46a44a434c391d,0.1,3,total,charge_magnitude_mae,0.1591237678527832,0.15742432975769044,0.0016994380950927646,1.0679976461247678
42,8567ef203a5ee597693e62a0d260fe98a784dc1fcc7e208a2e46a44a434c391d,0.1,3,total,relative_sign_accuracy,0.9623999938964843,0.9595999908447266,-0.00280000305175776,-0.290939637314558
42,8567ef203a5ee597693e62a0d260fe98a784dc1fcc7e208a2e46a44a434c391d,0.1,3,total,relative_configuration_accuracy,0.914,0.91,-0.0040000000000000036,-0.4376367614879654
42,8567ef203a5ee597693e62a0d260fe98a784dc1fcc7e208a2e46a44a434c391d,0.1,3,total,pairwise_relative_sign_accuracy,0.9500000228881836,0.9482000122070312,-0.0018000106811524308,-0.18947480397737787
42,8567ef203a5ee597693e62a0d260fe98a784dc1fcc7e208a2e46a44a434c391d,0.1,3,total,global_sign_accuracy,0.849,0.846,-0.0030000000000000027,-0.3533568904593643
42,8567ef203a5ee597693e62a0d260fe98a784dc1fcc7e208a2e46a44a434c391d,0.1,3,total,global_sign_bce,0.3644038848876953,0.3676952362060547,-0.0032913513183593923,-0.9032152111588342
42,8567ef203a5ee597693e62a0d260fe98a784dc1fcc7e208a2e46a44a434c391d,0.1,3,total,absolute_sign_accuracy,0.8698000106811523,0.8608000030517579,-0.009000007629394458,-1.0347214898682777
42,8567ef203a5ee597693e62a0d260fe98a784dc1fcc7e208a2e46a44a434c391d,0.1,3,total,absolute_sign_set_accuracy,0.829,0.819,-0.010000000000000009,-1.2062726176115814
42,8567ef203a5ee597693e62a0d260fe98a784dc1fcc7e208a2e46a44a434c391d,0.1,3,total,charge_mae,0.3016634941101074,0.31093827438354493,-0.009274780273437533,-3.074545132084239
42,8567ef203a5ee597693e62a0d260fe98a784dc1fcc7e208a2e46a44a434c391d,0.1,3,total,global_invariant_charge_mae,0.1953316078186035,0.1963012866973877,-0.0009696788787841859,-0.4964270194738207
42,8567ef203a5ee597693e62a0d260fe98a784dc1fcc7e208a2e46a44a434c391d,0.25,8,structure,position_mae_x,0.45867706298828126,0.45504419708251953,0.0036328659057617285,0.7920313002123118
42,8567ef203a5ee597693e62a0d260fe98a784dc1fcc7e208a2e46a44a434c391d,0.25,8,structure,position_mae_y,0.4339174041748047,0.42574301528930664,0.00817438888549804,1.8838582658475178
42,8567ef203a5ee597693e62a0d260fe98a784dc1fcc7e208a2e46a44a434c391d,0.25,8,structure,position_mae_z,0.2313655548095703,0.2296375503540039,0.0017280044555663954,0.7468719606895078
42,8567ef203a5ee597693e62a0d260fe98a784dc1fcc7e208a2e46a44a434c391d,0.25,8,structure,mean_position_mae,0.3746533432006836,0.37014159774780275,0.004511745452880855,1.2042453470017835
42,8567ef203a5ee597693e62a0d260fe98a784dc1fcc7e208a2e46a44a434c391d,0.25,8,structure,mean_position_3d_error,0.76283984375,0.7549397201538086,0.00790012359619141,1.0356202105746932
42,8567ef203a5ee597693e62a0d260fe98a784dc1fcc7e208a2e46a44a434c391d,0.25,8,structure,charge_magnitude_mae,0.1591237678527832,0.15731939506530762,0.0018043727874755833,1.1339429752222419
42,8567ef203a5ee597693e62a0d260fe98a784dc1fcc7e208a2e46a44a434c391d,0.25,8,structure,relative_sign_accuracy,0.9623999938964843,0.9579999923706055,-0.004400001525878827,-0.45719051888856216
42,8567ef203a5ee597693e62a0d260fe98a784dc1fcc7e208a2e46a44a434c391d,0.25,8,structure,relative_configuration_accuracy,0.914,0.907,-0.007000000000000006,-0.7658643326039394
42,8567ef203a5ee597693e62a0d260fe98a784dc1fcc7e208a2e46a44a434c391d,0.25,8,structure,pairwise_relative_sign_accuracy,0.9500000228881836,0.9465999908447266,-0.0034000320434570686,-0.35789810121480986
42,8567ef203a5ee597693e62a0d260fe98a784dc1fcc7e208a2e46a44a434c391d,0.25,8,structure,global_sign_accuracy,0.865,0.858,-0.007000000000000006,-0.8092485549132955
42,8567ef203a5ee597693e62a0d260fe98a784dc1fcc7e208a2e46a44a434c391d,0.25,8,structure,global_sign_bce,0.3582423057556152,0.3687457695007324,-0.01050346374511718,-2.931943987732818
42,8567ef203a5ee597693e62a0d260fe98a784dc1fcc7e208a2e46a44a434c391d,0.25,8,structure,absolute_sign_accuracy,0.8834000015258789,0.8727999954223633,-0.010600006103515636,-1.1999101296362304
42,8567ef203a5ee597693e62a0d260fe98a784dc1fcc7e208a2e46a44a434c391d,0.25,8,structure,absolute_sign_set_accuracy,0.844,0.827,-0.017000000000000015,-2.014218009478675
42,8567ef203a5ee597693e62a0d260fe98a784dc1fcc7e208a2e46a44a434c391d,0.25,8,structure,charge_mae,0.28646290016174314,0.29926375007629397,-0.012800849914550827,-4.468589093848869
42,8567ef203a5ee597693e62a0d260fe98a784dc1fcc7e208a2e46a44a434c391d,0.25,8,structure,global_invariant_charge_mae,0.1953316078186035,0.19540309715270995,-7.148933410644487e-05,-0.036598958512046906
42,8567ef203a5ee597693e62a0d260fe98a784dc1fcc7e208a2e46a44a434c391d,0.25,8,total,position_mae_x,0.45818439483642576,0.4497063751220703,0.008478019714355467,1.8503510398651104
42,8567ef203a5ee597693e62a0d260fe98a784dc1fcc7e208a2e46a44a434c391d,0.25,8,total,position_mae_y,0.4173245735168457,0.4260362434387207,-0.008711669921874998,-2.08750466057167
42,8567ef203a5ee597693e62a0d260fe98a784dc1fcc7e208a2e46a44a434c391d,0.25,8,total,position_mae_z,0.22804977416992187,0.22470212364196776,0.0033476505279541047,1.4679473111250447
42,8567ef203a5ee597693e62a0d260fe98a784dc1fcc7e208a2e46a44a434c391d,0.25,8,total,mean_position_mae,0.3678529396057129,0.3668149261474609,0.0010380134582519962,0.28218164013167923
42,8567ef203a5ee597693e62a0d260fe98a784dc1fcc7e208a2e46a44a434c391d,0.25,8,total,mean_position_3d_error,0.7509981384277343,0.7495972824096679,0.0014008560180663876,0.18653255532685806
42,8567ef203a5ee597693e62a0d260fe98a784dc1fcc7e208a2e46a44a434c391d,0.25,8,total,charge_magnitude_mae,0.1580794086456299,0.15654720306396486,0.0015322055816650304,0.9692632296593477
42,8567ef203a5ee597693e62a0d260fe98a784dc1fcc7e208a2e46a44a434c391d,0.25,8,total,relative_sign_accuracy,0.9543999710083008,0.953999984741211,-0.00039998626708981355,-0.0419097107334609
42,8567ef203a5ee597693e62a0d260fe98a784dc1fcc7e208a2e46a44a434c391d,0.25,8,total,relative_configuration_accuracy,0.901,0.9,-0.0010000000000000009,-0.11098779134295238
42,8567ef203a5ee597693e62a0d260fe98a784dc1fcc7e208a2e46a44a434c391d,0.25,8,total,pairwise_relative_sign_accuracy,0.9435999908447266,0.9429999923706055,-0.0005999984741210662,-0.06358610427538659
42,8567ef203a5ee597693e62a0d260fe98a784dc1fcc7e208a2e46a44a434c391d,0.25,8,total,global_sign_accuracy,0.864,0.867,0.0030000000000000027,0.34722222222222254
42,8567ef203a5ee597693e62a0d260fe98a784dc1fcc7e208a2e46a44a434c391d,0.25,8,total,global_sign_bce,0.35319912719726565,0.35362299728393554,-0.00042387008666988635,-0.12000881486696036
42,8567ef203a5ee597693e62a0d260fe98a784dc1fcc7e208a2e46a44a434c391d,0.25,8,total,absolute_sign_accuracy,0.8840000076293946,0.8721999893188477,-0.01180001831054689,-1.334843688767692
42,8567ef203a5ee597693e62a0d260fe98a784dc1fcc7e208a2e46a44a434c391d,0.25,8,total,absolute_sign_set_accuracy,0.836,0.824,-0.01200000000000001,-1.4354066985645946
42,8567ef203a5ee597693e62a0d260fe98a784dc1fcc7e208a2e46a44a434c391d,0.25,8,total,charge_mae,0.2881133613586426,0.2993310890197754,-0.011217727661132826,-3.893511778917131
42,8567ef203a5ee597693e62a0d260fe98a784dc1fcc7e208a2e46a44a434c391d,0.25,8,total,global_invariant_charge_mae,0.19939108657836915,0.1978984546661377,0.0014926319122314513,0.7485951041471374
42,8567ef203a5ee597693e62a0d260fe98a784dc1fcc7e208a2e46a44a434c391d,0.5,16,structure,position_mae_x,0.45867706298828126,0.45309569931030275,0.0055813636779785125,1.2168394995851604
42,8567ef203a5ee597693e62a0d260fe98a784dc1fcc7e208a2e46a44a434c391d,0.5,16,structure,position_mae_y,0.4339174041748047,0.4140042381286621,0.019913166046142572,4.589160484127644
42,8567ef203a5ee597693e62a0d260fe98a784dc1fcc7e208a2e46a44a434c391d,0.5,16,structure,position_mae_z,0.2313655548095703,0.22480184745788573,0.006563707351684572,2.8369423257869792
42,8567ef203a5ee597693e62a0d260fe98a784dc1fcc7e208a2e46a44a434c391d,0.5,16,structure,mean_position_mae,0.3746533432006836,0.3639672737121582,0.010686069488525407,2.852255206702212
42,8567ef203a5ee597693e62a0d260fe98a784dc1fcc7e208a2e46a44a434c391d,0.5,16,structure,mean_position_3d_error,0.76283984375,0.7439989242553711,0.01884091949462896,2.469839462240197
42,8567ef203a5ee597693e62a0d260fe98a784dc1fcc7e208a2e46a44a434c391d,0.5,16,structure,charge_magnitude_mae,0.1591237678527832,0.15650936889648437,0.0026143989562988357,1.6429971408907331
42,8567ef203a5ee597693e62a0d260fe98a784dc1fcc7e208a2e46a44a434c391d,0.5,16,structure,relative_sign_accuracy,0.9623999938964843,0.9584000091552735,-0.003999984741210882,-0.4156260148149087
42,8567ef203a5ee597693e62a0d260fe98a784dc1fcc7e208a2e46a44a434c391d,0.5,16,structure,relative_configuration_accuracy,0.914,0.907,-0.007000000000000006,-0.7658643326039394
42,8567ef203a5ee597693e62a0d260fe98a784dc1fcc7e208a2e46a44a434c391d,0.5,16,structure,pairwise_relative_sign_accuracy,0.9500000228881836,0.9463999938964843,-0.003600028991699311,-0.37895041104888894
42,8567ef203a5ee597693e62a0d260fe98a784dc1fcc7e208a2e46a44a434c391d,0.5,16,structure,global_sign_accuracy,0.869,0.866,-0.0030000000000000027,-0.3452243958573076
42,8567ef203a5ee597693e62a0d260fe98a784dc1fcc7e208a2e46a44a434c391d,0.5,16,structure,global_sign_bce,0.3447511940002441,0.33865685272216794,0.006094341278076176,1.7677505935111746
42,8567ef203a5ee597693e62a0d260fe98a784dc1fcc7e208a2e46a44a434c391d,0.5,16,structure,absolute_sign_accuracy,0.8898000106811523,0.8755999832153321,-0.014200027465820275,-1.595867306738959
42,8567ef203a5ee597693e62a0d260fe98a784dc1fcc7e208a2e46a44a434c391d,0.5,16,structure,absolute_sign_set_accuracy,0.85,0.831,-0.019000000000000017,-2.2352941176470607
42,8567ef203a5ee597693e62a0d260fe98a784dc1fcc7e208a2e46a44a434c391d,0.5,16,structure,charge_mae,0.2791120319366455,0.29265279960632323,-0.013540767669677711,-4.851373685227326
42,8567ef203a5ee597693e62a0d260fe98a784dc1fcc7e208a2e46a44a434c391d,0.5,16,structure,global_invariant_charge_mae,0.1953316078186035,0.1964940013885498,-0.0011623935699462962,-0.5950872892142288
42,8567ef203a5ee597693e62a0d260fe98a784dc1fcc7e208a2e46a44a434c391d,0.5,16,total,position_mae_x,0.45818439483642576,0.45309569931030275,0.0050886955261230105,1.1106217460635475
42,8567ef203a5ee597693e62a0d260fe98a784dc1fcc7e208a2e46a44a434c391d,0.5,16,total,position_mae_y,0.4173245735168457,0.4140042381286621,0.003320335388183604,0.795624221263255
42,8567ef203a5ee597693e62a0d260fe98a784dc1fcc7e208a2e46a44a434c391d,0.5,16,total,position_mae_z,0.22804977416992187,0.22480184745788573,0.0032479267120361366,1.4242183417450254
42,8567ef203a5ee597693e62a0d260fe98a784dc1fcc7e208a2e46a44a434c391d,0.5,16,total,mean_position_mae,0.3678529396057129,0.3639672737121582,0.003885665893554713,1.0563095941871785
42,8567ef203a5ee597693e62a0d260fe98a784dc1fcc7e208a2e46a44a434c391d,0.5,16,total,mean_position_3d_error,0.7509981384277343,0.7439989242553711,0.006999214172363266,0.9319882186414732
42,8567ef203a5ee597693e62a0d260fe98a784dc1fcc7e208a2e46a44a434c391d,0.5,16,total,charge_magnitude_mae,0.1580794086456299,0.15650936889648437,0.0015700397491455187,0.9931968765553214
42,8567ef203a5ee597693e62a0d260fe98a784dc1fcc7e208a2e46a44a434c391d,0.5,16,total,relative_sign_accuracy,0.9543999710083008,0.9584000091552735,0.004000038146972695,0.4191154933446562
42,8567ef203a5ee597693e62a0d260fe98a784dc1fcc7e208a2e46a44a434c391d,0.5,16,total,relative_configuration_accuracy,0.901,0.907,0.006000000000000005,0.6659267480577142
42,8567ef203a5ee597693e62a0d260fe98a784dc1fcc7e208a2e46a44a434c391d,0.5,16,total,pairwise_relative_sign_accuracy,0.9435999908447266,0.9463999938964843,0.00280000305175776,0.29673623134005656
42,8567ef203a5ee597693e62a0d260fe98a784dc1fcc7e208a2e46a44a434c391d,0.5,16,total,global_sign_accuracy,0.873,0.866,-0.007000000000000006,-0.8018327605956479
42,8567ef203a5ee597693e62a0d260fe98a784dc1fcc7e208a2e46a44a434c391d,0.5,16,total,global_sign_bce,0.3366216621398926,0.33865685272216794,-0.002035190582275359,-0.6045928741892964
42,8567ef203a5ee597693e62a0d260fe98a784dc1fcc7e208a2e46a44a434c391d,0.5,16,total,absolute_sign_accuracy,0.8834000015258789,0.8755999832153321,-0.007800018310546886,-0.8829543012309341
42,8567ef203a5ee597693e62a0d260fe98a784dc1fcc7e208a2e46a44a434c391d,0.5,16,total,absolute_sign_set_accuracy,0.838,0.831,-0.007000000000000006,-0.8353221957040581
42,8567ef203a5ee597693e62a0d260fe98a784dc1fcc7e208a2e46a44a434c391d,0.5,16,total,charge_mae,0.2894179382324219,0.29265279960632323,-0.003234861373901332,-1.1177128113266852
42,8567ef203a5ee597693e62a0d260fe98a784dc1fcc7e208a2e46a44a434c391d,0.5,16,total,global_invariant_charge_mae,0.19939108657836915,0.1964940013885498,0.0028970851898193484,1.4529662481580745
42,8567ef203a5ee597693e62a0d260fe98a784dc1fcc7e208a2e46a44a434c391d,0.75,24,structure,position_mae_x,0.45867706298828126,0.45291552352905273,0.005761539459228526,1.2561211196592423
42,8567ef203a5ee597693e62a0d260fe98a784dc1fcc7e208a2e46a44a434c391d,0.75,24,structure,position_mae_y,0.4339174041748047,0.4344385719299316,-0.00052116775512695,-0.12010759423629763
42,8567ef203a5ee597693e62a0d260fe98a784dc1fcc7e208a2e46a44a434c391d,0.75,24,structure,position_mae_z,0.2313655548095703,0.23053388023376464,0.0008316745758056576,0.35946343719581886
42,8567ef203a5ee597693e62a0d260fe98a784dc1fcc7e208a2e46a44a434c391d,0.75,24,structure,mean_position_mae,0.3746533432006836,0.3726293296813965,0.0020240135192871045,0.5402363427470974
42,8567ef203a5ee597693e62a0d260fe98a784dc1fcc7e208a2e46a44a434c391d,0.75,24,structure,mean_position_3d_error,0.76283984375,0.7578502273559571,0.0049896163940429394,0.6540843972589022
42,8567ef203a5ee597693e62a0d260fe98a784dc1fcc7e208a2e46a44a434c391d,0.75,24,structure,charge_magnitude_mae,0.1591237678527832,0.15652999687194824,0.002593770980834964,1.6300336623719516
42,8567ef203a5ee597693e62a0d260fe98a784dc1fcc7e208a2e46a44a434c391d,0.75,24,structure,relative_sign_accuracy,0.9623999938964843,0.9575999984741211,-0.004799995422363201,-0.49875264472201236
42,8567ef203a5ee597693e62a0d260fe98a784dc1fcc7e208a2e46a44a434c391d,0.75,24,structure,relative_configuration_accuracy,0.914,0.908,-0.006000000000000005,-0.656455142231948
42,8567ef203a5ee597693e62a0d260fe98a784dc1fcc7e208a2e46a44a434c391d,0.75,24,structure,pairwise_relative_sign_accuracy,0.9500000228881836,0.9475999984741211,-0.002400024414062507,-0.2526341427620148
42,8567ef203a5ee597693e62a0d260fe98a784dc1fcc7e208a2e46a44a434c391d,0.75,24,structure,global_sign_accuracy,0.868,0.865,-0.0030000000000000027,-0.34562211981566854
42,8567ef203a5ee597693e62a0d260fe98a784dc1fcc7e208a2e46a44a434c391d,0.75,24,structure,global_sign_bce,0.3430964088439941,0.3387003364562988,0.004396072387695293,1.2812936172975762
42,8567ef203a5ee597693e62a0d260fe98a784dc1fcc7e208a2e46a44a434c391d,0.75,24,structure,absolute_sign_accuracy,0.888,0.8794000015258789,-0.008599998474121073,-0.968468296635256
42,8567ef203a5ee597693e62a0d260fe98a784dc1fcc7e208a2e46a44a434c391d,0.75,24,structure,absolute_sign_set_accuracy,0.848,0.837,-0.01100000000000001,-1.297169811320756
42,8567ef203a5ee597693e62a0d260fe98a784dc1fcc7e208a2e46a44a434c391d,0.75,24,structure,charge_mae,0.2812375640869141,0.2899287147521973,-0.008691150665283198,-3.090323546749705
42,8567ef203a5ee597693e62a0d260fe98a784dc1fcc7e208a2e46a44a434c391d,0.75,24,structure,global_invariant_charge_mae,0.1953316078186035,0.19389896774291993,0.0014326400756835833,0.7334399648284355
42,8567ef203a5ee597693e62a0d260fe98a784dc1fcc7e208a2e46a44a434c391d,0.75,24,total,position_mae_x,0.45818439483642576,0.4532449493408203,0.004939445495605432,1.0780475178271491
42,8567ef203a5ee597693e62a0d260fe98a784dc1fcc7e208a2e46a44a434c391d,0.75,24,total,position_mae_y,0.4173245735168457,0.4325502052307129,-0.015225631713867205,-3.6483908880703875
42,8567ef203a5ee597693e62a0d260fe98a784dc1fcc7e208a2e46a44a434c391d,0.75,24,total,position_mae_z,0.22804977416992187,0.22917145729064942,-0.0011216831207275513,-0.4918589044038147
42,8567ef203a5ee597693e62a0d260fe98a784dc1fcc7e208a2e46a44a434c391d,0.75,24,total,mean_position_mae,0.3678529396057129,0.37165554428100583,-0.00380260467529292,-1.033729587527228
42,8567ef203a5ee597693e62a0d260fe98a784dc1fcc7e208a2e46a44a434c391d,0.75,24,total,mean_position_3d_error,0.7509981384277343,0.7571131210327149,-0.006114982604980557,-0.8142473718753402
42,8567ef203a5ee597693e62a0d260fe98a784dc1fcc7e208a2e46a44a434c391d,0.75,24,total,charge_magnitude_mae,0.1580794086456299,0.1560608444213867,0.00201856422424318,1.2769305259537251
42,8567ef203a5ee597693e62a0d260fe98a784dc1fcc7e208a2e46a44a434c391d,0.75,24,total,relative_sign_accuracy,0.9543999710083008,0.9571999893188476,0.0028000183105468812,0.2933799660103435
42,8567ef203a5ee597693e62a0d260fe98a784dc1fcc7e208a2e46a44a434c391d,0.75,24,total,relative_configuration_accuracy,0.901,0.908,0.007000000000000006,0.7769145394006666
42,8567ef203a5ee597693e62a0d260fe98a784dc1fcc7e208a2e46a44a434c391d,0.75,24,total,pairwise_relative_sign_accuracy,0.9435999908447266,0.9478000030517578,0.004200012207031256,0.44510515555127705
42,8567ef203a5ee597693e62a0d260fe98a784dc1fcc7e208a2e46a44a434c391d,0.75,24,total,global_sign_accuracy,0.878,0.87,-0.008000000000000007,-0.91116173120729
42,8567ef203a5ee597693e62a0d260fe98a784dc1fcc7e208a2e46a44a434c391d,0.75,24,total,global_sign_bce,0.33488169860839845,0.3388747520446777,-0.003993053436279259,-1.1923773239542204
42,8567ef203a5ee597693e62a0d260fe98a784dc1fcc7e208a2e46a44a434c391d,0.75,24,total,absolute_sign_accuracy,0.8876000061035156,0.8856000137329102,-0.001999992370605441,-0.22532586264676002
42,8567ef203a5ee597693e62a0d260fe98a784dc1fcc7e208a2e46a44a434c391d,0.75,24,total,absolute_sign_set_accuracy,0.842,0.844,0.0020000000000000018,0.23752969121140163
42,8567ef203a5ee597693e62a0d260fe98a784dc1fcc7e208a2e46a44a434c391d,0.75,24,total,charge_mae,0.2842649040222168,0.2831392707824707,0.0011256332397461266,0.39598037739409164
42,8567ef203a5ee597693e62a0d260fe98a784dc1fcc7e208a2e46a44a434c391d,0.75,24,total,global_invariant_charge_mae,0.19939108657836915,0.19380386924743653,0.00558721733093262,2.802139968647298
42,8567ef203a5ee597693e62a0d260fe98a784dc1fcc7e208a2e46a44a434c391d,1.0,32,structure,position_mae_x,0.45867706298828126,0.46033802032470705,-0.0016609573364257946,-0.36211911831924987
42,8567ef203a5ee597693e62a0d260fe98a784dc1fcc7e208a2e46a44a434c391d,1.0,32,structure,position_mae_y,0.4339174041748047,0.4157281265258789,0.01818927764892575,4.191875567544222
42,8567ef203a5ee597693e62a0d260fe98a784dc1fcc7e208a2e46a44a434c391d,1.0,32,structure,position_mae_z,0.2313655548095703,0.2195853385925293,0.011780216217041006,5.091603297101391
42,8567ef203a5ee597693e62a0d260fe98a784dc1fcc7e208a2e46a44a434c391d,1.0,32,structure,mean_position_mae,0.3746533432006836,0.36521717071533205,0.009436172485351557,2.518640940112219
42,8567ef203a5ee597693e62a0d260fe98a784dc1fcc7e208a2e46a44a434c391d,1.0,32,structure,mean_position_3d_error,0.76283984375,0.7472522811889648,0.015587562561035218,2.0433597810530224
42,8567ef203a5ee597693e62a0d260fe98a784dc1fcc7e208a2e46a44a434c391d,1.0,32,structure,charge_magnitude_mae,0.1591237678527832,0.15538612174987793,0.0037376461029052788,2.348892408306497
42,8567ef203a5ee597693e62a0d260fe98a784dc1fcc7e208a2e46a44a434c391d,1.0,32,structure,relative_sign_accuracy,0.9623999938964843,0.9548000030517578,-0.007599990844726512,-0.7896914892898437
42,8567ef203a5ee597693e62a0d260fe98a784dc1fcc7e208a2e46a44a434c391d,1.0,32,structure,relative_configuration_accuracy,0.914,0.902,-0.01200000000000001,-1.312910284463896
42,8567ef203a5ee597693e62a0d260fe98a784dc1fcc7e208a2e46a44a434c391d,1.0,32,structure,pairwise_relative_sign_accuracy,0.9500000228881836,0.9441999893188476,-0.005800033569336005,-0.6105298346944016
42,8567ef203a5ee597693e62a0d260fe98a784dc1fcc7e208a2e46a44a434c391d,1.0,32,structure,global_sign_accuracy,0.873,0.843,-0.030000000000000027,-3.436426116838491
42,8567ef203a5ee597693e62a0d260fe98a784dc1fcc7e208a2e46a44a434c391d,1.0,32,structure,global_sign_bce,0.335615909576416,0.38615690994262697,-0.05054100036621095,-15.059178937613305
42,8567ef203a5ee597693e62a0d260fe98a784dc1fcc7e208a2e46a44a434c391d,1.0,32,structure,absolute_sign_accuracy,0.891400001525879,0.865,-0.026400001525878958,-2.961633551793585
42,8567ef203a5ee597693e62a0d260fe98a784dc1fcc7e208a2e46a44a434c391d,1.0,32,structure,absolute_sign_set_accuracy,0.85,0.82,-0.030000000000000027,-3.529411764705886
42,8567ef203a5ee597693e62a0d260fe98a784dc1fcc7e208a2e46a44a434c391d,1.0,32,structure,charge_mae,0.277833194732666,0.3060613555908203,-0.028228160858154328,-10.160110956257677
42,8567ef203a5ee597693e62a0d260fe98a784dc1fcc7e208a2e46a44a434c391d,1.0,32,structure,global_invariant_charge_mae,0.1953316078186035,0.1958992214202881,-0.0005676136016845856,-0.29058973507846475
42,8567ef203a5ee597693e62a0d260fe98a784dc1fcc7e208a2e46a44a434c391d,1.0,32,total,position_mae_x,0.45818439483642576,0.4632654342651367,-0.005081039428710965,-1.1089507818189492
42,8567ef203a5ee597693e62a0d260fe98a784dc1fcc7e208a2e46a44a434c391d,1.0,32,total,position_mae_y,0.4173245735168457,0.4096050109863281,0.0077195625305175875,1.8497742573517493
42,8567ef203a5ee597693e62a0d260fe98a784dc1fcc7e208a2e46a44a434c391d,1.0,32,total,position_mae_z,0.22804977416992187,0.22249712181091308,0.005552652359008786,2.434842296695921
42,8567ef203a5ee597693e62a0d260fe98a784dc1fcc7e208a2e46a44a434c391d,1.0,32,total,mean_position_mae,0.3678529396057129,0.3651225395202637,0.002730400085449225,0.7422531646412377
42,8567ef203a5ee597693e62a0d260fe98a784dc1fcc7e208a2e46a44a434c391d,1.0,32,total,mean_position_3d_error,0.7509981384277343,0.7480817413330079,0.002916397094726464,0.38833612834675457
42,8567ef203a5ee597693e62a0d260fe98a784dc1fcc7e208a2e46a44a434c391d,1.0,32,total,charge_magnitude_mae,0.1580794086456299,0.1561046314239502,0.0019747772216796855,1.2492311545184152
42,8567ef203a5ee597693e62a0d260fe98a784dc1fcc7e208a2e46a44a434c391d,1.0,32,total,relative_sign_accuracy,0.9543999710083008,0.9588000030517578,0.0044000320434570694,0.4610260034698598
42,8567ef203a5ee597693e62a0d260fe98a784dc1fcc7e208a2e46a44a434c391d,1.0,32,total,relative_configuration_accuracy,0.901,0.908,0.007000000000000006,0.7769145394006666
42,8567ef203a5ee597693e62a0d260fe98a784dc1fcc7e208a2e46a44a434c391d,1.0,32,total,pairwise_relative_sign_accuracy,0.9435999908447266,0.947,0.003400009155273387,0.3603231441566295
42,8567ef203a5ee597693e62a0d260fe98a784dc1fcc7e208a2e46a44a434c391d,1.0,32,total,global_sign_accuracy,0.876,0.867,-0.009000000000000008,-1.0273972602739736
42,8567ef203a5ee597693e62a0d260fe98a784dc1fcc7e208a2e46a44a434c391d,1.0,32,total,global_sign_bce,0.33206972885131836,0.33661320877075196,-0.004543479919433602,-1.3682306831008706
42,8567ef203a5ee597693e62a0d260fe98a784dc1fcc7e208a2e46a44a434c391d,1.0,32,total,absolute_sign_accuracy,0.8847999954223633,0.8866000137329102,0.0018000183105468803,0.20343787521016354
42,8567ef203a5ee597693e62a0d260fe98a784dc1fcc7e208a2e46a44a434c391d,1.0,32,total,absolute_sign_set_accuracy,0.839,0.842,0.0030000000000000027,0.35756853396901106
42,8567ef203a5ee597693e62a0d260fe98a784dc1fcc7e208a2e46a44a434c391d,1.0,32,total,charge_mae,0.28712005043029787,0.2814513397216797,0.005668710708618185,1.9743346729434832
42,8567ef203a5ee597693e62a0d260fe98a784dc1fcc7e208a2e46a44a434c391d,1.0,32,total,global_invariant_charge_mae,0.19939108657836915,0.19357981872558594,0.005811267852783214,2.9145073395741488
43,e9b0d8af58d4c2952687896959fd025c764afa044ce12a0a240a283e4fd284e6,0.0,0,structure,position_mae_x,0.4418797950744629,0.4418797950744629,0.0,0.0
43,e9b0d8af58d4c2952687896959fd025c764afa044ce12a0a240a283e4fd284e6,0.0,0,structure,position_mae_y,0.45999319076538087,0.45999319076538087,0.0,0.0
43,e9b0d8af58d4c2952687896959fd025c764afa044ce12a0a240a283e4fd284e6,0.0,0,structure,position_mae_z,0.22261006546020506,0.22261006546020506,0.0,0.0
43,e9b0d8af58d4c2952687896959fd025c764afa044ce12a0a240a283e4fd284e6,0.0,0,structure,mean_position_mae,0.3748277015686035,0.3748277015686035,0.0,0.0
43,e9b0d8af58d4c2952687896959fd025c764afa044ce12a0a240a283e4fd284e6,0.0,0,structure,mean_position_3d_error,0.7661625061035157,0.7661625061035157,0.0,0.0
43,e9b0d8af58d4c2952687896959fd025c764afa044ce12a0a240a283e4fd284e6,0.0,0,structure,charge_magnitude_mae,0.15873043632507325,0.15873043632507325,0.0,0.0
43,e9b0d8af58d4c2952687896959fd025c764afa044ce12a0a240a283e4fd284e6,0.0,0,structure,relative_sign_accuracy,0.9596000137329102,0.9596000137329102,0.0,0.0
43,e9b0d8af58d4c2952687896959fd025c764afa044ce12a0a240a283e4fd284e6,0.0,0,structure,relative_configuration_accuracy,0.909,0.909,0.0,0.0
43,e9b0d8af58d4c2952687896959fd025c764afa044ce12a0a240a283e4fd284e6,0.0,0,structure,pairwise_relative_sign_accuracy,0.9473999938964843,0.9473999938964843,0.0,0.0
43,e9b0d8af58d4c2952687896959fd025c764afa044ce12a0a240a283e4fd284e6,0.0,0,structure,global_sign_accuracy,,,,
43,e9b0d8af58d4c2952687896959fd025c764afa044ce12a0a240a283e4fd284e6,0.0,0,structure,global_sign_bce,,,,
43,e9b0d8af58d4c2952687896959fd025c764afa044ce12a0a240a283e4fd284e6,0.0,0,structure,absolute_sign_accuracy,,,,
43,e9b0d8af58d4c2952687896959fd025c764afa044ce12a0a240a283e4fd284e6,0.0,0,structure,absolute_sign_set_accuracy,,,,
43,e9b0d8af58d4c2952687896959fd025c764afa044ce12a0a240a283e4fd284e6,0.0,0,structure,charge_mae,0.19724883460998535,0.19724883460998535,0.0,0.0
43,e9b0d8af58d4c2952687896959fd025c764afa044ce12a0a240a283e4fd284e6,0.0,0,structure,global_invariant_charge_mae,0.19724883460998535,0.19724883460998535,0.0,0.0
43,e9b0d8af58d4c2952687896959fd025c764afa044ce12a0a240a283e4fd284e6,0.0,0,total,position_mae_x,0.4418797950744629,0.4418797950744629,0.0,0.0
43,e9b0d8af58d4c2952687896959fd025c764afa044ce12a0a240a283e4fd284e6,0.0,0,total,position_mae_y,0.45999319076538087,0.45999319076538087,0.0,0.0
43,e9b0d8af58d4c2952687896959fd025c764afa044ce12a0a240a283e4fd284e6,0.0,0,total,position_mae_z,0.22261006546020506,0.22261006546020506,0.0,0.0
43,e9b0d8af58d4c2952687896959fd025c764afa044ce12a0a240a283e4fd284e6,0.0,0,total,mean_position_mae,0.3748277015686035,0.3748277015686035,0.0,0.0
43,e9b0d8af58d4c2952687896959fd025c764afa044ce12a0a240a283e4fd284e6,0.0,0,total,mean_position_3d_error,0.7661625061035157,0.7661625061035157,0.0,0.0
43,e9b0d8af58d4c2952687896959fd025c764afa044ce12a0a240a283e4fd284e6,0.0,0,total,charge_magnitude_mae,0.15873043632507325,0.15873043632507325,0.0,0.0
43,e9b0d8af58d4c2952687896959fd025c764afa044ce12a0a240a283e4fd284e6,0.0,0,total,relative_sign_accuracy,0.9596000137329102,0.9596000137329102,0.0,0.0
43,e9b0d8af58d4c2952687896959fd025c764afa044ce12a0a240a283e4fd284e6,0.0,0,total,relative_configuration_accuracy,0.909,0.909,0.0,0.0
43,e9b0d8af58d4c2952687896959fd025c764afa044ce12a0a240a283e4fd284e6,0.0,0,total,pairwise_relative_sign_accuracy,0.9473999938964843,0.9473999938964843,0.0,0.0
43,e9b0d8af58d4c2952687896959fd025c764afa044ce12a0a240a283e4fd284e6,0.0,0,total,global_sign_accuracy,,,,
43,e9b0d8af58d4c2952687896959fd025c764afa044ce12a0a240a283e4fd284e6,0.0,0,total,global_sign_bce,,,,
43,e9b0d8af58d4c2952687896959fd025c764afa044ce12a0a240a283e4fd284e6,0.0,0,total,absolute_sign_accuracy,,,,
43,e9b0d8af58d4c2952687896959fd025c764afa044ce12a0a240a283e4fd284e6,0.0,0,total,absolute_sign_set_accuracy,,,,
43,e9b0d8af58d4c2952687896959fd025c764afa044ce12a0a240a283e4fd284e6,0.0,0,total,charge_mae,0.19724883460998535,0.19724883460998535,0.0,0.0
43,e9b0d8af58d4c2952687896959fd025c764afa044ce12a0a240a283e4fd284e6,0.0,0,total,global_invariant_charge_mae,0.19724883460998535,0.19724883460998535,0.0,0.0
43,e9b0d8af58d4c2952687896959fd025c764afa044ce12a0a240a283e4fd284e6,0.1,3,structure,position_mae_x,0.4418797950744629,0.45175109481811526,-0.009871299743652362,-2.233933267301554
43,e9b0d8af58d4c2952687896959fd025c764afa044ce12a0a240a283e4fd284e6,0.1,3,structure,position_mae_y,0.45999319076538087,0.44481019592285154,0.01518299484252933,3.300699911941393
43,e9b0d8af58d4c2952687896959fd025c764afa044ce12a0a240a283e4fd284e6,0.1,3,structure,position_mae_z,0.22261006546020506,0.22720494842529296,-0.004594882965087893,-2.064094880700396
43,e9b0d8af58d4c2952687896959fd025c764afa044ce12a0a240a283e4fd284e6,0.1,3,structure,mean_position_mae,0.3748277015686035,0.37458877182006833,0.00023892974853517712,0.06374388753426928
43,e9b0d8af58d4c2952687896959fd025c764afa044ce12a0a240a283e4fd284e6,0.1,3,structure,mean_position_3d_error,0.7661625061035157,0.7648545761108398,0.0013079299926758159,0.1707118244832386
43,e9b0d8af58d4c2952687896959fd025c764afa044ce12a0a240a283e4fd284e6,0.1,3,structure,charge_magnitude_mae,0.15873043632507325,0.15770724487304688,0.0010231914520263674,0.6446094874526234
43,e9b0d8af58d4c2952687896959fd025c764afa044ce12a0a240a283e4fd284e6,0.1,3,structure,relative_sign_accuracy,0.9596000137329102,0.9628000030517578,0.0031999893188476847,0.33347116226056583
43,e9b0d8af58d4c2952687896959fd025c764afa044ce12a0a240a283e4fd284e6,0.1,3,structure,relative_configuration_accuracy,0.909,0.917,0.008000000000000007,0.8800880088008809
43,e9b0d8af58d4c2952687896959fd025c764afa044ce12a0a240a283e4fd284e6,0.1,3,structure,pairwise_relative_sign_accuracy,0.9473999938964843,0.9521999893188476,0.004799995422363312,0.5066492984258741
43,e9b0d8af58d4c2952687896959fd025c764afa044ce12a0a240a283e4fd284e6,0.1,3,structure,global_sign_accuracy,0.853,0.848,-0.0050000000000000044,-0.5861664712778435
43,e9b0d8af58d4c2952687896959fd025c764afa044ce12a0a240a283e4fd284e6,0.1,3,structure,global_sign_bce,0.36530050277709963,0.3679371490478516,-0.002636646270751941,-0.721774607674378
43,e9b0d8af58d4c2952687896959fd025c764afa044ce12a0a240a283e4fd284e6,0.1,3,structure,absolute_sign_accuracy,0.8678000030517579,0.8652000045776367,-0.002599998474121179,-0.2996080277688255
43,e9b0d8af58d4c2952687896959fd025c764afa044ce12a0a240a283e4fd284e6,0.1,3,structure,absolute_sign_set_accuracy,0.824,0.827,0.0030000000000000027,0.36407766990291296
43,e9b0d8af58d4c2952687896959fd025c764afa044ce12a0a240a283e4fd284e6,0.1,3,structure,charge_mae,0.3057953987121582,0.3081384162902832,-0.002343017578124995,-0.7662043274661733
43,e9b0d8af58d4c2952687896959fd025c764afa044ce12a0a240a283e4fd284e6,0.1,3,structure,global_invariant_charge_mae,0.19724883460998535,0.19312393188476562,0.004124902725219731,2.091217792680898
43,e9b0d8af58d4c2952687896959fd025c764afa044ce12a0a240a283e4fd284e6,0.1,3,total,position_mae_x,0.4418797950744629,0.44332362365722655,-0.001443828582763651,-0.32674691145820456
43,e9b0d8af58d4c2952687896959fd025c764afa044ce12a0a240a283e4fd284e6,0.1,3,total,position_mae_y,0.45999319076538087,0.4461059989929199,0.01388719177246095,3.0189994224379944
43,e9b0d8af58d4c2952687896959fd025c764afa044ce12a0a240a283e4fd284e6,0.1,3,total,position_mae_z,0.22261006546020506,0.2233663558959961,-0.0007562904357910349,-0.3397377536489846
43,e9b0d8af58d4c2952687896959fd025c764afa044ce12a0a240a283e4fd284e6,0.1,3,total,mean_position_mae,0.3748277015686035,0.37093201065063475,0.0038956909179687638,1.0393284438865702
43,e9b0d8af58d4c2952687896959fd025c764afa044ce12a0a240a283e4fd284e6,0.1,3,total,mean_position_3d_error,0.7661625061035157,0.7574405746459961,0.008721931457519538,1.138391840900281
43,e9b0d8af58d4c2952687896959fd025c764afa044ce12a0a240a283e4fd284e6,0.1,3,total,charge_magnitude_mae,0.15873043632507325,0.15662462425231932,0.0021058120727539265,1.3266592857095862
43,e9b0d8af58d4c2952687896959fd025c764afa044ce12a0a240a283e4fd284e6,0.1,3,total,relative_sign_accuracy,0.9596000137329102,0.9572000045776368,-0.002400009155273386,-0.25010516058010307
43,e9b0d8af58d4c2952687896959fd025c764afa044ce12a0a240a283e4fd284e6,0.1,3,total,relative_configuration_accuracy,0.909,0.908,-0.0010000000000000009,-0.11001100110011011
43,e9b0d8af58d4c2952687896959fd025c764afa044ce12a0a240a283e4fd284e6,0.1,3,total,pairwise_relative_sign_accuracy,0.9473999938964843,0.9477999954223633,0.00040000152587893467,0.042220976193360626
43,e9b0d8af58d4c2952687896959fd025c764afa044ce12a0a240a283e4fd284e6,0.1,3,total,global_sign_accuracy,0.853,0.852,-0.0010000000000000009,-0.11723329425556869
43,e9b0d8af58d4c2952687896959fd025c764afa044ce12a0a240a283e4fd284e6,0.1,3,total,global_sign_bce,0.36530050277709963,0.3691210708618164,-0.003820568084716758,-1.045869922343908
43,e9b0d8af58d4c2952687896959fd025c764afa044ce12a0a240a283e4fd284e6,0.1,3,total,absolute_sign_accuracy,0.8678000030517579,0.8676000061035156,-0.00019999694824224257,-0.023046433226425585
43,e9b0d8af58d4c2952687896959fd025c764afa044ce12a0a240a283e4fd284e6,0.1,3,total,absolute_sign_set_accuracy,0.824,0.824,0.0,0.0
43,e9b0d8af58d4c2952687896959fd025c764afa044ce12a0a240a283e4fd284e6,0.1,3,total,charge_mae,0.3057953987121582,0.30387536239624025,0.0019200363159179723,0.6278826705712733
43,e9b0d8af58d4c2952687896959fd025c764afa044ce12a0a240a283e4fd284e6,0.1,3,total,global_invariant_charge_mae,0.19724883460998535,0.19459290313720704,0.0026559314727783168,1.3464877894106784
43,e9b0d8af58d4c2952687896959fd025c764afa044ce12a0a240a283e4fd284e6,0.25,8,structure,position_mae_x,0.4418797950744629,0.444386775970459,-0.0025069808959961026,-0.5673445411944308
43,e9b0d8af58d4c2952687896959fd025c764afa044ce12a0a240a283e4fd284e6,0.25,8,structure,position_mae_y,0.45999319076538087,0.4544422607421875,0.005550930023193346,1.2067417811027104
43,e9b0d8af58d4c2952687896959fd025c764afa044ce12a0a240a283e4fd284e6,0.25,8,structure,position_mae_z,0.22261006546020506,0.2215600070953369,0.001050058364868156,0.47170300349957445
43,e9b0d8af58d4c2952687896959fd025c764afa044ce12a0a240a283e4fd284e6,0.25,8,structure,mean_position_mae,0.3748277015686035,0.3734630241394043,0.0013646774291992125,0.36408126280107395
43,e9b0d8af58d4c2952687896959fd025c764afa044ce12a0a240a283e4fd284e6,0.25,8,structure,mean_position_3d_error,0.7661625061035157,0.7628705673217774,0.0032919387817382795,0.429665867947538
43,e9b0d8af58d4c2952687896959fd025c764afa044ce12a0a240a283e4fd284e6,0.25,8,structure,charge_magnitude_mae,0.15873043632507325,0.15586507225036622,0.0028653640747070275,1.8051762100866922
43,e9b0d8af58d4c2952687896959fd025c764afa044ce12a0a240a283e4fd284e6,0.25,8,structure,relative_sign_accuracy,0.9596000137329102,0.96,0.00039998626708981355,0.041682603310293775
43,e9b0d8af58d4c2952687896959fd025c764afa044ce12a0a240a283e4fd284e6,0.25,8,structure,relative_configuration_accuracy,0.909,0.909,0.0,0.0
43,e9b0d8af58d4c2952687896959fd025c764afa044ce12a0a240a283e4fd284e6,0.25,8,structure,pairwise_relative_sign_accuracy,0.9473999938964843,0.9471999969482422,-0.00019999694824213154,-0.0211100854476028
43,e9b0d8af58d4c2952687896959fd025c764afa044ce12a0a240a283e4fd284e6,0.25,8,structure,global_sign_accuracy,0.864,0.87,0.006000000000000005,0.6944444444444451
43,e9b0d8af58d4c2952687896959fd025c764afa044ce12a0a240a283e4fd284e6,0.25,8,structure,global_sign_bce,0.3517534828186035,0.3496052207946777,0.0021482620239258177,0.6107294252530996
43,e9b0d8af58d4c2952687896959fd025c764afa044ce12a0a240a283e4fd284e6,0.25,8,structure,absolute_sign_accuracy,0.8804000015258789,0.8852000045776367,0.004800003051757762,0.5452070699044255
43,e9b0d8af58d4c2952687896959fd025c764afa044ce12a0a240a283e4fd284e6,0.25,8,structure,absolute_sign_set_accuracy,0.837,0.842,0.0050000000000000044,0.5973715651135012
43,e9b0d8af58d4c2952687896959fd025c764afa044ce12a0a240a283e4fd284e6,0.25,8,structure,charge_mae,0.2910685920715332,0.2826988143920898,0.008369777679443358,2.8755344641878766
43,e9b0d8af58d4c2952687896959fd025c764afa044ce12a0a240a283e4fd284e6,0.25,8,structure,global_invariant_charge_mae,0.19724883460998535,0.19522592735290528,0.00202290725708007,1.0255610691337713
43,e9b0d8af58d4c2952687896959fd025c764afa044ce12a0a240a283e4fd284e6,0.25,8,total,position_mae_x,0.4418797950744629,0.44799478912353513,-0.006114994049072231,-1.3838591665051736
43,e9b0d8af58d4c2952687896959fd025c764afa044ce12a0a240a283e4fd284e6,0.25,8,total,position_mae_y,0.45999319076538087,0.4492935676574707,0.010699623107910172,2.326039455085653
43,e9b0d8af58d4c2952687896959fd025c764afa044ce12a0a240a283e4fd284e6,0.25,8,total,position_mae_z,0.22261006546020506,0.22292701530456543,-0.0003169498443603702,-0.1423789367767963
43,e9b0d8af58d4c2952687896959fd025c764afa044ce12a0a240a283e4fd284e6,0.25,8,total,mean_position_mae,0.3748277015686035,0.3734051399230957,0.0014225616455078027,0.3795241492436588
43,e9b0d8af58d4c2952687896959fd025c764afa044ce12a0a240a283e4fd284e6,0.25,8,total,mean_position_3d_error,0.7661625061035157,0.7632284317016601,0.0029340744018555576,0.38295718969300974
43,e9b0d8af58d4c2952687896959fd025c764afa044ce12a0a240a283e4fd284e6,0.25,8,total,charge_magnitude_mae,0.15873043632507325,0.1567006893157959,0.002029747009277355,1.2787383795257254
43,e9b0d8af58d4c2952687896959fd025c764afa044ce12a0a240a283e4fd284e6,0.25,8,total,relative_sign_accuracy,0.9596000137329102,0.9551999893188476,-0.004400024414062509,-0.4585269227900603
43,e9b0d8af58d4c2952687896959fd025c764afa044ce12a0a240a283e4fd284e6,0.25,8,total,relative_configuration_accuracy,0.909,0.904,-0.0050000000000000044,-0.5500550055005505
43,e9b0d8af58d4c2952687896959fd025c764afa044ce12a0a240a283e4fd284e6,0.25,8,total,pairwise_relative_sign_accuracy,0.9473999938964843,0.9455999984741211,-0.0017999954223631986,-0.18999318492289027
43,e9b0d8af58d4c2952687896959fd025c764afa044ce12a0a240a283e4fd284e6,0.25,8,total,global_sign_accuracy,0.864,0.87,0.006000000000000005,0.6944444444444451
43,e9b0d8af58d4c2952687896959fd025c764afa044ce12a0a240a283e4fd284e6,0.25,8,total,global_sign_bce,0.3517534828186035,0.3533282356262207,-0.0015747528076171524,-0.44768648628540797
43,e9b0d8af58d4c2952687896959fd025c764afa044ce12a0a240a283e4fd284e6,0.25,8,total,absolute_sign_accuracy,0.8804000015258789,0.8883999938964844,0.007999992370605447,0.9086770055361353
43,e9b0d8af58d4c2952687896959fd025c764afa044ce12a0a240a283e4fd284e6,0.25,8,total,absolute_sign_set_accuracy,0.837,0.842,0.0050000000000000044,0.5973715651135012
43,e9b0d8af58d4c2952687896959fd025c764afa044ce12a0a240a283e4fd284e6,0.25,8,total,charge_mae,0.2910685920715332,0.2793896141052246,0.011678977966308568,4.012448709491244
43,e9b0d8af58d4c2952687896959fd025c764afa044ce12a0a240a283e4fd284e6,0.25,8,total,global_invariant_charge_mae,0.19724883460998535,0.1968803291320801,0.0003685054779052621,0.18682263884291017
43,e9b0d8af58d4c2952687896959fd025c764afa044ce12a0a240a283e4fd284e6,0.5,16,structure,position_mae_x,0.4418797950744629,0.44515294647216797,-0.0032731513977050652,-0.7407334379598627
43,e9b0d8af58d4c2952687896959fd025c764afa044ce12a0a240a283e4fd284e6,0.5,16,structure,position_mae_y,0.45999319076538087,0.45429349899291993,0.005699691772460935,1.2390817705316985
43,e9b0d8af58d4c2952687896959fd025c764afa044ce12a0a240a283e4fd284e6,0.5,16,structure,position_mae_z,0.22261006546020506,0.2214264850616455,0.0011835803985595639,0.5316832354874568
43,e9b0d8af58d4c2952687896959fd025c764afa044ce12a0a240a283e4fd284e6,0.5,16,structure,mean_position_mae,0.3748277015686035,0.3736243209838867,0.0012033805847168066,0.3210489992283977
43,e9b0d8af58d4c2952687896959fd025c764afa044ce12a0a240a283e4fd284e6,0.5,16,structure,mean_position_3d_error,0.7661625061035157,0.7612381362915039,0.00492436981201172,0.6427317667965328
43,e9b0d8af58d4c2952687896959fd025c764afa044ce12a0a240a283e4fd284e6,0.5,16,structure,charge_magnitude_mae,0.15873043632507325,0.15664954566955566,0.0020808906555175866,1.310958820308419
43,e9b0d8af58d4c2952687896959fd025c764afa044ce12a0a240a283e4fd284e6,0.5,16,structure,relative_sign_accuracy,0.9596000137329102,0.9583999938964843,-0.0012000198364258141,-0.1250541704097788
43,e9b0d8af58d4c2952687896959fd025c764afa044ce12a0a240a283e4fd284e6,0.5,16,structure,relative_configuration_accuracy,0.909,0.908,-0.0010000000000000009,-0.11001100110011011
43,e9b0d8af58d4c2952687896959fd025c764afa044ce12a0a240a283e4fd284e6,0.5,16,structure,pairwise_relative_sign_accuracy,0.9473999938964843,0.9472000122070312,-0.00019998168945312145,-0.0211084748513279
43,e9b0d8af58d4c2952687896959fd025c764afa044ce12a0a240a283e4fd284e6,0.5,16,structure,global_sign_accuracy,0.864,0.873,0.009000000000000008,1.0416666666666676
43,e9b0d8af58d4c2952687896959fd025c764afa044ce12a0a240a283e4fd284e6,0.5,16,structure,global_sign_bce,0.3409062690734863,0.34209753036499024,-0.0011912612915039311,-0.34943953795321403
43,e9b0d8af58d4c2952687896959fd025c764afa044ce12a0a240a283e4fd284e6,0.5,16,structure,absolute_sign_accuracy,0.8796000061035156,0.8866000061035156,0.007000000000000006,0.7958162746051882
43,e9b0d8af58d4c2952687896959fd025c764afa044ce12a0a240a283e4fd284e6,0.5,16,structure,absolute_sign_set_accuracy,0.837,0.845,0.008000000000000007,0.9557945041816018
43,e9b0d8af58d4c2952687896959fd025c764afa044ce12a0a240a283e4fd284e6,0.5,16,structure,charge_mae,0.29180274391174316,0.2809989128112793,0.010803831100463845,3.7024432860478877
43,e9b0d8af58d4c2952687896959fd025c764afa044ce12a0a240a283e4fd284e6,0.5,16,structure,global_invariant_charge_mae,0.19724883460998535,0.19526694107055664,0.0019818935394287085,1.0047681870199394
43,e9b0d8af58d4c2952687896959fd025c764afa044ce12a0a240a283e4fd284e6,0.5,16,total,position_mae_x,0.4418797950744629,0.44415258026123045,-0.0022727851867675453,-0.5143446729408728
43,e9b0d8af58d4c2952687896959fd025c764afa044ce12a0a240a283e4fd284e6,0.5,16,total,position_mae_y,0.45999319076538087,0.4422540626525879,0.01773912811279299,3.856389283345026
43,e9b0d8af58d4c2952687896959fd025c764afa044ce12a0a240a283e4fd284e6,0.5,16,total,position_mae_z,0.22261006546020506,0.21934764099121093,0.003262424468994135,1.4655332238682366
43,e9b0d8af58d4c2952687896959fd025c764afa044ce12a0a240a283e4fd284e6,0.5,16,total,mean_position_mae,0.3748277015686035,0.3685847625732422,0.006242938995361325,1.6655489893717739
43,e9b0d8af58d4c2952687896959fd025c764afa044ce12a0a240a283e4fd284e6,0.5,16,total,mean_position_3d_error,0.7661625061035157,0.7532633972167969,0.012899108886718746,1.683599599818574
43,e9b0d8af58d4c2952687896959fd025c764afa044ce12a0a240a283e4fd284e6,0.5,16,total,charge_magnitude_mae,0.15873043632507325,0.15680460739135743,0.0019258289337158174,1.2132701064160127
43,e9b0d8af58d4c2952687896959fd025c764afa044ce12a0a240a283e4fd284e6,0.5,16,total,relative_sign_accuracy,0.9596000137329102,0.9591999893188476,-0.00040002441406250533,-0.04168657860960035
43,e9b0d8af58d4c2952687896959fd025c764afa044ce12a0a240a283e4fd284e6,0.5,16,total,relative_configuration_accuracy,0.909,0.911,0.0020000000000000018,0.22002200220022022
43,e9b0d8af58d4c2952687896959fd025c764afa044ce12a0a240a283e4fd284e6,0.5,16,total,pairwise_relative_sign_accuracy,0.9473999938964843,0.9491999969482422,0.0018000030517578702,0.1899939902210453
43,e9b0d8af58d4c2952687896959fd025c764afa044ce12a0a240a283e4fd284e6,0.5,16,total,global_sign_accuracy,0.864,0.875,0.01100000000000001,1.2731481481481493
43,e9b0d8af58d4c2952687896959fd025c764afa044ce12a0a240a283e4fd284e6,0.5,16,total,global_sign_bce,0.3409062690734863,0.33621891021728517,0.00468735885620114,1.3749699789741108
43,e9b0d8af58d4c2952687896959fd025c764afa044ce12a0a240a283e4fd284e6,0.5,16,total,absolute_sign_accuracy,0.8796000061035156,0.887000015258789,0.00740000915527339,0.8412925311419929
43,e9b0d8af58d4c2952687896959fd025c764afa044ce12a0a240a283e4fd284e6,0.5,16,total,absolute_sign_set_accuracy,0.837,0.846,0.009000000000000008,1.0752688172043021
43,e9b0d8af58d4c2952687896959fd025c764afa044ce12a0a240a283e4fd284e6,0.5,16,total,charge_mae,0.29180274391174316,0.281919376373291,0.009883367538452148,3.3870029479371206
43,e9b0d8af58d4c2952687896959fd025c764afa044ce12a0a240a283e4fd284e6,0.5,16,total,global_invariant_charge_mae,0.19724883460998535,0.1940133285522461,0.003235506057739257,1.6403169449070425
43,e9b0d8af58d4c2952687896959fd025c764afa044ce12a0a240a283e4fd284e6,0.75,24,structure,position_mae_x,0.4418797950744629,0.4521459541320801,-0.010266159057617186,-2.3232922555074498
43,e9b0d8af58d4c2952687896959fd025c764afa044ce12a0a240a283e4fd284e6,0.75,24,structure,position_mae_y,0.45999319076538087,0.45148019409179685,0.008512996673584017,1.85067884579319
43,e9b0d8af58d4c2952687896959fd025c764afa044ce12a0a240a283e4fd284e6,0.75,24,structure,position_mae_z,0.22261006546020506,0.22397129440307617,-0.0013612289428711066,-0.6114858014425439
43,e9b0d8af58d4c2952687896959fd025c764afa044ce12a0a240a283e4fd284e6,0.75,24,structure,mean_position_mae,0.3748277015686035,0.3758658332824707,-0.0010381317138671853,-0.2769623775197894
43,e9b0d8af58d4c2952687896959fd025c764afa044ce12a0a240a283e4fd284e6,0.75,24,structure,mean_position_3d_error,0.7661625061035157,0.7650309982299804,0.0011315078735352202,0.14768510133571364
43,e9b0d8af58d4c2952687896959fd025c764afa044ce12a0a240a283e4fd284e6,0.75,24,structure,charge_magnitude_mae,0.15873043632507325,0.15612986183166505,0.0026005744934081976,1.6383590656062523
43,e9b0d8af58d4c2952687896959fd025c764afa044ce12a0a240a283e4fd284e6,0.75,24,structure,relative_sign_accuracy,0.9596000137329102,0.9595999908447266,-2.288818357065736e-08,-2.3851795793145887e-06
43,e9b0d8af58d4c2952687896959fd025c764afa044ce12a0a240a283e4fd284e6,0.75,24,structure,relative_configuration_accuracy,0.909,0.91,0.0010000000000000009,0.11001100110011011
43,e9b0d8af58d4c2952687896959fd025c764afa044ce12a0a240a283e4fd284e6,0.75,24,structure,pairwise_relative_sign_accuracy,0.9473999938964843,0.9482000045776368,0.0008000106811524299,0.08444275768486456
43,e9b0d8af58d4c2952687896959fd025c764afa044ce12a0a240a283e4fd284e6,0.75,24,structure,global_sign_accuracy,0.879,0.875,-0.0040000000000000036,-0.45506257110352716
43,e9b0d8af58d4c2952687896959fd025c764afa044ce12a0a240a283e4fd284e6,0.75,24,structure,global_sign_bce,0.3342213249206543,0.34150933074951173,-0.0072880058288574134,-2.180592704725714
43,e9b0d8af58d4c2952687896959fd025c764afa044ce12a0a240a283e4fd284e6,0.75,24,structure,absolute_sign_accuracy,0.893,0.8882000045776367,-0.004799995422363312,-0.5375134851470674
43,e9b0d8af58d4c2952687896959fd025c764afa044ce12a0a240a283e4fd284e6,0.75,24,structure,absolute_sign_set_accuracy,0.85,0.848,-0.0020000000000000018,-0.23529411764705904
43,e9b0d8af58d4c2952687896959fd025c764afa044ce12a0a240a283e4fd284e6,0.75,24,structure,charge_mae,0.2761736145019531,0.2803335628509521,-0.004159948348999021,-1.5062801551484208
43,e9b0d8af58d4c2952687896959fd025c764afa044ce12a0a240a283e4fd284e6,0.75,24,structure,global_invariant_charge_mae,0.19724883460998535,0.19492389488220216,0.002324939727783193,1.178683631961746
43,e9b0d8af58d4c2952687896959fd025c764afa044ce12a0a240a283e4fd284e6,0.75,24,total,position_mae_x,0.4418797950744629,0.4514920654296875,-0.009612270355224606,-2.175313391191558
43,e9b0d8af58d4c2952687896959fd025c764afa044ce12a0a240a283e4fd284e6,0.75,24,total,position_mae_y,0.45999319076538087,0.4476106948852539,0.012382495880126965,2.6918867776115945
43,e9b0d8af58d4c2952687896959fd025c764afa044ce12a0a240a283e4fd284e6,0.75,24,total,position_mae_z,0.22261006546020506,0.22177762603759765,0.0008324394226074117,0.37394509582776386
43,e9b0d8af58d4c2952687896959fd025c764afa044ce12a0a240a283e4fd284e6,0.75,24,total,mean_position_mae,0.3748277015686035,0.3736267967224121,0.0012009048461913974,0.32038849881312725
43,e9b0d8af58d4c2952687896959fd025c764afa044ce12a0a240a283e4fd284e6,0.75,24,total,mean_position_3d_error,0.7661625061035157,0.7605389175415039,0.005623588562011728,0.7339942267093829
43,e9b0d8af58d4c2952687896959fd025c764afa044ce12a0a240a283e4fd284e6,0.75,24,total,charge_magnitude_mae,0.15873043632507325,0.1562613410949707,0.0024690952301025526,1.555527274583905
43,e9b0d8af58d4c2952687896959fd025c764afa044ce12a0a240a283e4fd284e6,0.75,24,total,relative_sign_accuracy,0.9596000137329102,0.9587999877929687,-0.00080002593994144,-0.08337077203962139
43,e9b0d8af58d4c2952687896959fd025c764afa044ce12a0a240a283e4fd284e6,0.75,24,total,relative_configuration_accuracy,0.909,0.91,0.0010000000000000009,0.11001100110011011
43,e9b0d8af58d4c2952687896959fd025c764afa044ce12a0a240a283e4fd284e6,0.75,24,total,pairwise_relative_sign_accuracy,0.9473999938964843,0.9486000061035156,0.0012000122070312536,0.12666373387821347
43,e9b0d8af58d4c2952687896959fd025c764afa044ce12a0a240a283e4fd284e6,0.75,24,total,global_sign_accuracy,0.879,0.875,-0.0040000000000000036,-0.45506257110352716
43,e9b0d8af58d4c2952687896959fd025c764afa044ce12a0a240a283e4fd284e6,0.75,24,total,global_sign_bce,0.3342213249206543,0.336909610748291,-0.002688285827636694,-0.8043429988421311
43,e9b0d8af58d4c2952687896959fd025c764afa044ce12a0a240a283e4fd284e6,0.75,24,total,absolute_sign_accuracy,0.893,0.8833999938964844,-0.009600006103515635,-1.0750286790051102
43,e9b0d8af58d4c2952687896959fd025c764afa044ce12a0a240a283e4fd284e6,0.75,24,total,absolute_sign_set_accuracy,0.85,0.843,-0.007000000000000006,-0.8235294117647066
43,e9b0d8af58d4c2952687896959fd025c764afa044ce12a0a240a283e4fd284e6,0.75,24,total,charge_mae,0.2761736145019531,0.28507897186279296,-0.00890535736083986,-3.2245503890368505
43,e9b0d8af58d4c2952687896959fd025c764afa044ce12a0a240a283e4fd284e6,0.75,24,total,global_invariant_charge_mae,0.19724883460998535,0.19325004005432128,0.00399879455566407,2.0272842491418395
43,e9b0d8af58d4c2952687896959fd025c764afa044ce12a0a240a283e4fd284e6,1.0,32,structure,position_mae_x,0.4418797950744629,0.44576039505004883,-0.00388059997558593,-0.8782026285976698
43,e9b0d8af58d4c2952687896959fd025c764afa044ce12a0a240a283e4fd284e6,1.0,32,structure,position_mae_y,0.45999319076538087,0.4478859405517578,0.012107250213623078,2.632049877407505
43,e9b0d8af58d4c2952687896959fd025c764afa044ce12a0a240a283e4fd284e6,1.0,32,structure,position_mae_z,0.22261006546020506,0.22184802436828613,0.0007620410919189358,0.34232104031035476
43,e9b0d8af58d4c2952687896959fd025c764afa044ce12a0a240a283e4fd284e6,1.0,32,structure,mean_position_mae,0.3748277015686035,0.37183147048950194,0.0029962310791015745,0.7993622313833131
43,e9b0d8af58d4c2952687896959fd025c764afa044ce12a0a240a283e4fd284e6,1.0,32,structure,mean_position_3d_error,0.7661625061035157,0.7598246459960938,0.006337860107421878,0.8272213867074271
43,e9b0d8af58d4c2952687896959fd025c764afa044ce12a0a240a283e4fd284e6,1.0,32,structure,charge_magnitude_mae,0.15873043632507325,0.15529882049560548,0.0034316158294677712,2.1619141917054687
43,e9b0d8af58d4c2952687896959fd025c764afa044ce12a0a240a283e4fd284e6,1.0,32,structure,relative_sign_accuracy,0.9596000137329102,0.9632000045776368,0.0035999908447266193,0.37515535569058683
43,e9b0d8af58d4c2952687896959fd025c764afa044ce12a0a240a283e4fd284e6,1.0,32,structure,relative_configuration_accuracy,0.909,0.918,0.009000000000000008,0.990099009900991
43,e9b0d8af58d4c2952687896959fd025c764afa044ce12a0a240a283e4fd284e6,1.0,32,structure,pairwise_relative_sign_accuracy,0.9473999938964843,0.9527999877929687,0.0053999938964843786,0.5699803600668376
43,e9b0d8af58d4c2952687896959fd025c764afa044ce12a0a240a283e4fd284e6,1.0,32,structure,global_sign_accuracy,0.871,0.871,0.0,0.0
43,e9b0d8af58d4c2952687896959fd025c764afa044ce12a0a240a283e4fd284e6,1.0,32,structure,global_sign_bce,0.332178279876709,0.33680766296386716,-0.0046293830871581565,-1.393644126544455
43,e9b0d8af58d4c2952687896959fd025c764afa044ce12a0a240a283e4fd284e6,1.0,32,structure,absolute_sign_accuracy,0.8866000061035156,0.8886000061035156,0.0020000000000000018,0.22558086918922154
43,e9b0d8af58d4c2952687896959fd025c764afa044ce12a0a240a283e4fd284e6,1.0,32,structure,absolute_sign_set_accuracy,0.843,0.852,0.009000000000000008,1.0676156583629903
43,e9b0d8af58d4c2952687896959fd025c764afa044ce12a0a240a283e4fd284e6,1.0,32,structure,charge_mae,0.2836688289642334,0.2787014503479004,0.004967378616333007,1.7511189489767036
43,e9b0d8af58d4c2952687896959fd025c764afa044ce12a0a240a283e4fd284e6,1.0,32,structure,global_invariant_charge_mae,0.19724883460998535,0.18934203720092774,0.007906797409057614,4.008539479937362
43,e9b0d8af58d4c2952687896959fd025c764afa044ce12a0a240a283e4fd284e6,1.0,32,total,position_mae_x,0.4418797950744629,0.44576039505004883,-0.00388059997558593,-0.8782026285976698
43,e9b0d8af58d4c2952687896959fd025c764afa044ce12a0a240a283e4fd284e6,1.0,32,total,position_mae_y,0.45999319076538087,0.4478859405517578,0.012107250213623078,2.632049877407505
43,e9b0d8af58d4c2952687896959fd025c764afa044ce12a0a240a283e4fd284e6,1.0,32,total,position_mae_z,0.22261006546020506,0.22184802436828613,0.0007620410919189358,0.34232104031035476
43,e9b0d8af58d4c2952687896959fd025c764afa044ce12a0a240a283e4fd284e6,1.0,32,total,mean_position_mae,0.3748277015686035,0.37183147048950194,0.0029962310791015745,0.7993622313833131
43,e9b0d8af58d4c2952687896959fd025c764afa044ce12a0a240a283e4fd284e6,1.0,32,total,mean_position_3d_error,0.7661625061035157,0.7598246459960938,0.006337860107421878,0.8272213867074271
43,e9b0d8af58d4c2952687896959fd025c764afa044ce12a0a240a283e4fd284e6,1.0,32,total,charge_magnitude_mae,0.15873043632507325,0.15529882049560548,0.0034316158294677712,2.1619141917054687
43,e9b0d8af58d4c2952687896959fd025c764afa044ce12a0a240a283e4fd284e6,1.0,32,total,relative_sign_accuracy,0.9596000137329102,0.9632000045776368,0.0035999908447266193,0.37515535569058683
43,e9b0d8af58d4c2952687896959fd025c764afa044ce12a0a240a283e4fd284e6,1.0,32,total,relative_configuration_accuracy,0.909,0.918,0.009000000000000008,0.990099009900991
43,e9b0d8af58d4c2952687896959fd025c764afa044ce12a0a240a283e4fd284e6,1.0,32,total,pairwise_relative_sign_accuracy,0.9473999938964843,0.9527999877929687,0.0053999938964843786,0.5699803600668376
43,e9b0d8af58d4c2952687896959fd025c764afa044ce12a0a240a283e4fd284e6,1.0,32,total,global_sign_accuracy,0.871,0.871,0.0,0.0
43,e9b0d8af58d4c2952687896959fd025c764afa044ce12a0a240a283e4fd284e6,1.0,32,total,global_sign_bce,0.332178279876709,0.33680766296386716,-0.0046293830871581565,-1.393644126544455
43,e9b0d8af58d4c2952687896959fd025c764afa044ce12a0a240a283e4fd284e6,1.0,32,total,absolute_sign_accuracy,0.8866000061035156,0.8886000061035156,0.0020000000000000018,0.22558086918922154
43,e9b0d8af58d4c2952687896959fd025c764afa044ce12a0a240a283e4fd284e6,1.0,32,total,absolute_sign_set_accuracy,0.843,0.852,0.009000000000000008,1.0676156583629903
43,e9b0d8af58d4c2952687896959fd025c764afa044ce12a0a240a283e4fd284e6,1.0,32,total,charge_mae,0.2836688289642334,0.2787014503479004,0.004967378616333007,1.7511189489767036
43,e9b0d8af58d4c2952687896959fd025c764afa044ce12a0a240a283e4fd284e6,1.0,32,total,global_invariant_charge_mae,0.19724883460998535,0.18934203720092774,0.007906797409057614,4.008539479937362
