seed,protocol_fingerprint,model,fraction,sensor_count,selection,epoch,validation_loss,absolute_sign_accuracy,absolute_sign_set_accuracy,charge_mae,charge_magnitude_mae,global_invariant_charge_mae,global_sign_accuracy,global_sign_bce,mean_position_3d_error,mean_position_mae,observations_per_sample,observed_sample_fraction,pairwise_relative_sign_accuracy,position_mae_x,position_mae_y,position_mae_z,relative_configuration_accuracy,relative_sign_accuracy,source
41,1692babe9d2153d97a0706d0bece7194c22c1fc53b7f215c8f2260f0b820046c,g05_full_reconstruction,0.0,0,structure,37,0.5906645221710205,,,0.19086493301391602,0.15552479934692381,0.19086493301391602,,,0.7332394638061523,0.35994944763183595,0.0,0.0,0.9505999984741211,0.44510157012939455,0.41491066360473633,0.2198360366821289,0.915,0.9627999954223633,Results\new_learning9_experiments\5point_routing_v1_seed41\runs\g05_full_reconstruction__g05_000pct__seed_41__8ea078f3c543\result.json
41,1692babe9d2153d97a0706d0bece7194c22c1fc53b7f215c8f2260f0b820046c,g05_full_reconstruction,0.0,0,total,37,0.5906645221710205,,,0.19086493301391602,0.15552479934692381,0.19086493301391602,,,0.7332394638061523,0.35994944763183595,0.0,0.0,0.9505999984741211,0.44510157012939455,0.41491066360473633,0.2198360366821289,0.915,0.9627999954223633,Results\new_learning9_experiments\5point_routing_v1_seed41\runs\g05_full_reconstruction__g05_000pct__seed_41__8ea078f3c543\result.json
41,1692babe9d2153d97a0706d0bece7194c22c1fc53b7f215c8f2260f0b820046c,g05_full_reconstruction,0.1,3,structure,37,0.5920841226577759,0.8613999938964844,0.818,0.3086505813598633,0.15554253387451172,0.19257705116271973,0.851,0.3639967727661133,0.7362384490966797,0.36147782516479493,3.0,1.0,0.9484000015258789,0.44955273056030276,0.41216368865966796,0.2227170238494873,0.909,0.9575999984741211,Results\new_learning9_experiments\5point_routing_v1_seed41\runs\g05_full_reconstruction__g05_010pct__seed_41__3a047e27a893\result.json
41,1692babe9d2153d97a0706d0bece7194c22c1fc53b7f215c8f2260f0b820046c,g05_full_reconstruction,0.1,3,total,37,0.9663254158496857,0.8613999938964844,0.818,0.3086505813598633,0.15554253387451172,0.19257705116271973,0.851,0.3639967727661133,0.7362384490966797,0.36147782516479493,3.0,1.0,0.9484000015258789,0.44955273056030276,0.41216368865966796,0.2227170238494873,0.909,0.9575999984741211,Results\new_learning9_experiments\5point_routing_v1_seed41\runs\g05_full_reconstruction__g05_010pct__seed_41__3a047e27a893\result.json
41,1692babe9d2153d97a0706d0bece7194c22c1fc53b7f215c8f2260f0b820046c,g05_full_reconstruction,0.25,8,structure,28,0.6034815797805786,0.8722000045776367,0.829,0.29765269088745117,0.15650859451293944,0.1938388271331787,0.855,0.3605832214355469,0.7453684921264648,0.36396265792846677,8.0,1.0,0.9473999938964843,0.46493579864501955,0.4046020622253418,0.22235004806518555,0.908,0.9579999923706055,Results\new_learning9_experiments\5point_routing_v1_seed41\runs\g05_full_reconstruction__g05_025pct__seed_41__6b8f65cff0c4\result.json
41,1692babe9d2153d97a0706d0bece7194c22c1fc53b7f215c8f2260f0b820046c,g05_full_reconstruction,0.25,8,total,37,0.9519158227443695,0.8768000030517578,0.83,0.2911668128967285,0.15597239303588867,0.1968714771270752,0.862,0.34903057098388673,0.7452245559692383,0.3648950042724609,8.0,1.0,0.9433999938964843,0.46171228408813475,0.41240371322631836,0.22056898880004883,0.902,0.9564000091552735,Results\new_learning9_experiments\5point_routing_v1_seed41\runs\g05_full_reconstruction__g05_025pct__seed_41__6b8f65cff0c4\result.json
41,1692babe9d2153d97a0706d0bece7194c22c1fc53b7f215c8f2260f0b820046c,g05_full_reconstruction,0.5,16,structure,25,0.6160225253105164,0.88,0.84,0.28798665046691896,0.1560696201324463,0.19319739151000975,0.86,0.35395320892333987,0.775558120727539,0.38005825424194334,16.0,1.0,0.9475999984741211,0.4767391967773438,0.43863385009765626,0.224801664352417,0.908,0.9575999908447266,Results\new_learning9_experiments\5point_routing_v1_seed41\runs\g05_full_reconstruction__g05_050pct__seed_41__2e76912911c3\result.json
41,1692babe9d2153d97a0706d0bece7194c22c1fc53b7f215c8f2260f0b820046c,g05_full_reconstruction,0.5,16,total,35,0.9726913423538208,0.8764000015258789,0.833,0.2942591857910156,0.1563466968536377,0.19571336555480956,0.862,0.34523715209960937,0.7626555862426758,0.3726344871520996,16.0,1.0,0.9463999938964843,0.4741160659790039,0.42466164398193357,0.2191256980895996,0.908,0.96,Results\new_learning9_experiments\5point_routing_v1_seed41\runs\g05_full_reconstruction__g05_050pct__seed_41__2e76912911c3\result.json
41,1692babe9d2153d97a0706d0bece7194c22c1fc53b7f215c8f2260f0b820046c,g05_full_reconstruction,0.75,24,structure,34,0.602596776008606,0.8758000030517578,0.831,0.29477050399780275,0.15620050430297852,0.19695333671569823,0.867,0.34574879455566404,0.74100244140625,0.3634201507568359,24.0,1.0,0.9448000106811524,0.46193317794799804,0.4041538581848145,0.22417337799072265,0.904,0.9567999877929687,Results\new_learning9_experiments\5point_routing_v1_seed41\runs\g05_full_reconstruction__g05_075pct__seed_41__1880b8d860fe\result.json
41,1692babe9d2153d97a0706d0bece7194c22c1fc53b7f215c8f2260f0b820046c,g05_full_reconstruction,0.75,24,total,34,0.9480395393371581,0.8758000030517578,0.831,0.29477050399780275,0.15620050430297852,0.19695333671569823,0.867,0.34574879455566404,0.74100244140625,0.3634201507568359,24.0,1.0,0.9448000106811524,0.46193317794799804,0.4041538581848145,0.22417337799072265,0.904,0.9567999877929687,Results\new_learning9_experiments\5point_routing_v1_seed41\runs\g05_full_reconstruction__g05_075pct__seed_41__1880b8d860fe\result.json
41,1692babe9d2153d97a0706d0bece7194c22c1fc53b7f215c8f2260f0b820046c,g05_full_reconstruction,1.0,32,structure,35,0.6009179449081421,0.8800000076293946,0.836,0.289014705657959,0.1549491500854492,0.19488438606262207,0.866,0.3399958381652832,0.7555088500976562,0.37058311462402344,32.0,1.0,0.9458000183105468,0.4664375076293945,0.4214212532043457,0.22389054489135743,0.906,0.9579999923706055,Results\new_learning9_experiments\5point_routing_v1_seed41\runs\g05_full_reconstruction__g05_100pct__seed_41__acf3506459d6\result.json
41,1692babe9d2153d97a0706d0bece7194c22c1fc53b7f215c8f2260f0b820046c,g05_full_reconstruction,1.0,32,total,35,0.9492750208377838,0.8800000076293946,0.836,0.289014705657959,0.1549491500854492,0.19488438606262207,0.866,0.3399958381652832,0.7555088500976562,0.37058311462402344,32.0,1.0,0.9458000183105468,0.4664375076293945,0.4214212532043457,0.22389054489135743,0.906,0.9579999923706055,Results\new_learning9_experiments\5point_routing_v1_seed41\runs\g05_full_reconstruction__g05_100pct__seed_41__acf3506459d6\result.json
41,1692babe9d2153d97a0706d0bece7194c22c1fc53b7f215c8f2260f0b820046c,g05_sign_only,0.0,0,structure,37,0.5906645221710205,,,0.19086493301391602,0.15552479934692381,0.19086493301391602,,,0.7332394638061523,0.35994944763183595,0.0,0.0,0.9505999984741211,0.44510157012939455,0.41491066360473633,0.2198360366821289,0.915,0.9627999954223633,Results\new_learning9_experiments\5point_routing_v1_seed41\runs\g05_sign_only__g05_000pct__seed_41__f56e5ea3c50e\result.json
41,1692babe9d2153d97a0706d0bece7194c22c1fc53b7f215c8f2260f0b820046c,g05_sign_only,0.0,0,total,37,0.5906645221710205,,,0.19086493301391602,0.15552479934692381,0.19086493301391602,,,0.7332394638061523,0.35994944763183595,0.0,0.0,0.9505999984741211,0.44510157012939455,0.41491066360473633,0.2198360366821289,0.915,0.9627999954223633,Results\new_learning9_experiments\5point_routing_v1_seed41\runs\g05_sign_only__g05_000pct__seed_41__f56e5ea3c50e\result.json
41,1692babe9d2153d97a0706d0bece7194c22c1fc53b7f215c8f2260f0b820046c,g05_sign_only,0.1,3,structure,37,0.5906645221710205,0.8695999984741211,0.831,0.2983264942169189,0.15552479934692381,0.19086493301391602,0.85,0.3634685592651367,0.7332394638061523,0.35994944763183595,3.0,1.0,0.9505999984741211,0.44510157012939455,0.41491066360473633,0.2198360366821289,0.915,0.9627999954223633,Results\new_learning9_experiments\5point_routing_v1_seed41\runs\g05_sign_only__g05_010pct__seed_41__10a71341c43e\result.json
41,1692babe9d2153d97a0706d0bece7194c22c1fc53b7f215c8f2260f0b820046c,g05_sign_only,0.1,3,total,37,0.9627523696422577,0.8695999984741211,0.831,0.2983264942169189,0.15552479934692381,0.19086493301391602,0.85,0.3634685592651367,0.7332394638061523,0.35994944763183595,3.0,1.0,0.9505999984741211,0.44510157012939455,0.41491066360473633,0.2198360366821289,0.915,0.9627999954223633,Results\new_learning9_experiments\5point_routing_v1_seed41\runs\g05_sign_only__g05_010pct__seed_41__10a71341c43e\result.json
41,1692babe9d2153d97a0706d0bece7194c22c1fc53b7f215c8f2260f0b820046c,g05_sign_only,0.25,8,structure,37,0.5906645221710205,0.8867999954223633,0.847,0.2781946067810059,0.15552479934692381,0.19086493301391602,0.864,0.34991401290893553,0.7332394638061523,0.35994944763183595,8.0,1.0,0.9505999984741211,0.44510157012939455,0.41491066360473633,0.2198360366821289,0.915,0.9627999954223633,Results\new_learning9_experiments\5point_routing_v1_seed41\runs\g05_sign_only__g05_025pct__seed_41__662874c8682f\result.json
41,1692babe9d2153d97a0706d0bece7194c22c1fc53b7f215c8f2260f0b820046c,g05_sign_only,0.25,8,total,37,0.935638166666031,0.8867999954223633,0.847,0.2781946067810059,0.15552479934692381,0.19086493301391602,0.864,0.34991401290893553,0.7332394638061523,0.35994944763183595,8.0,1.0,0.9505999984741211,0.44510157012939455,0.41491066360473633,0.2198360366821289,0.915,0.9627999954223633,Results\new_learning9_experiments\5point_routing_v1_seed41\runs\g05_sign_only__g05_025pct__seed_41__662874c8682f\result.json
41,1692babe9d2153d97a0706d0bece7194c22c1fc53b7f215c8f2260f0b820046c,g05_sign_only,0.5,16,structure,37,0.5906645221710205,0.88,0.841,0.2870969715118408,0.15552479934692381,0.19086493301391602,0.862,0.3452809066772461,0.7332394638061523,0.35994944763183595,16.0,1.0,0.9505999984741211,0.44510157012939455,0.41491066360473633,0.2198360366821289,0.915,0.9627999954223633,Results\new_learning9_experiments\5point_routing_v1_seed41\runs\g05_sign_only__g05_050pct__seed_41__c565131aab8b\result.json
41,1692babe9d2153d97a0706d0bece7194c22c1fc53b7f215c8f2260f0b820046c,g05_sign_only,0.5,16,total,37,0.9398947253227234,0.88,0.841,0.2870969715118408,0.15552479934692381,0.19086493301391602,0.862,0.3452809066772461,0.7332394638061523,0.35994944763183595,16.0,1.0,0.9505999984741211,0.44510157012939455,0.41491066360473633,0.2198360366821289,0.915,0.9627999954223633,Results\new_learning9_experiments\5point_routing_v1_seed41\runs\g05_sign_only__g05_050pct__seed_41__c565131aab8b\result.json
41,1692babe9d2153d97a0706d0bece7194c22c1fc53b7f215c8f2260f0b820046c,g05_sign_only,0.75,24,structure,37,0.5906645221710205,0.885,0.847,0.2811720142364502,0.15552479934692381,0.19086493301391602,0.867,0.34232909393310545,0.7332394638061523,0.35994944763183595,24.0,1.0,0.9505999984741211,0.44510157012939455,0.41491066360473633,0.2198360366821289,0.915,0.9627999954223633,Results\new_learning9_experiments\5point_routing_v1_seed41\runs\g05_sign_only__g05_075pct__seed_41__d55cbe85d9a9\result.json
41,1692babe9d2153d97a0706d0bece7194c22c1fc53b7f215c8f2260f0b820046c,g05_sign_only,0.75,24,total,37,0.936997935295105,0.885,0.847,0.2811720142364502,0.15552479934692381,0.19086493301391602,0.867,0.34232909393310545,0.7332394638061523,0.35994944763183595,24.0,1.0,0.9505999984741211,0.44510157012939455,0.41491066360473633,0.2198360366821289,0.915,0.9627999954223633,Results\new_learning9_experiments\5point_routing_v1_seed41\runs\g05_sign_only__g05_075pct__seed_41__d55cbe85d9a9\result.json
41,1692babe9d2153d97a0706d0bece7194c22c1fc53b7f215c8f2260f0b820046c,g05_sign_only,1.0,32,structure,37,0.5906645221710205,0.8828000030517578,0.844,0.28409596824645994,0.15552479934692381,0.19086493301391602,0.864,0.3403714141845703,0.7332394638061523,0.35994944763183595,32.0,1.0,0.9505999984741211,0.44510157012939455,0.41491066360473633,0.2198360366821289,0.915,0.9627999954223633,Results\new_learning9_experiments\5point_routing_v1_seed41\runs\g05_sign_only__g05_100pct__seed_41__47b3174b2f65\result.json
41,1692babe9d2153d97a0706d0bece7194c22c1fc53b7f215c8f2260f0b820046c,g05_sign_only,1.0,32,total,37,0.9362796866893768,0.8828000030517578,0.844,0.28409596824645994,0.15552479934692381,0.19086493301391602,0.864,0.3403714141845703,0.7332394638061523,0.35994944763183595,32.0,1.0,0.9505999984741211,0.44510157012939455,0.41491066360473633,0.2198360366821289,0.915,0.9627999954223633,Results\new_learning9_experiments\5point_routing_v1_seed41\runs\g05_sign_only__g05_100pct__seed_41__47b3174b2f65\result.json
42,8567ef203a5ee597693e62a0d260fe98a784dc1fcc7e208a2e46a44a434c391d,g05_full_reconstruction,0.0,0,structure,27,0.6065466957092285,,,0.1953316078186035,0.1591237678527832,0.1953316078186035,,,0.76283984375,0.3746533432006836,0.0,0.0,0.9500000228881836,0.45867706298828126,0.4339174041748047,0.2313655548095703,0.914,0.9623999938964843,Results\new_learning9_experiments\5point_routing_v1_seed42\runs\g05_full_reconstruction__g05_000pct__seed_42__7d8ae61c4605\result.json
42,8567ef203a5ee597693e62a0d260fe98a784dc1fcc7e208a2e46a44a434c391d,g05_full_reconstruction,0.0,0,total,27,0.6065466957092285,,,0.1953316078186035,0.1591237678527832,0.1953316078186035,,,0.76283984375,0.3746533432006836,0.0,0.0,0.9500000228881836,0.45867706298828126,0.4339174041748047,0.2313655548095703,0.914,0.9623999938964843,Results\new_learning9_experiments\5point_routing_v1_seed42\runs\g05_full_reconstruction__g05_000pct__seed_42__7d8ae61c4605\result.json
42,8567ef203a5ee597693e62a0d260fe98a784dc1fcc7e208a2e46a44a434c391d,g05_full_reconstruction,0.1,3,structure,28,0.602291600227356,0.8608000030517579,0.819,0.31093827438354493,0.15742432975769044,0.1963012866973877,0.846,0.3676952362060547,0.7532137603759765,0.3692384567260742,3.0,1.0,0.9482000122070312,0.4575963249206543,0.42182804870605467,0.22829096794128417,0.91,0.9595999908447266,Results\new_learning9_experiments\5point_routing_v1_seed42\runs\g05_full_reconstruction__g05_010pct__seed_42__7d4653f145ab\result.json
42,8567ef203a5ee597693e62a0d260fe98a784dc1fcc7e208a2e46a44a434c391d,g05_full_reconstruction,0.1,3,total,28,0.9808007848262787,0.8608000030517579,0.819,0.31093827438354493,0.15742432975769044,0.1963012866973877,0.846,0.3676952362060547,0.7532137603759765,0.3692384567260742,3.0,1.0,0.9482000122070312,0.4575963249206543,0.42182804870605467,0.22829096794128417,0.91,0.9595999908447266,Results\new_learning9_experiments\5point_routing_v1_seed42\runs\g05_full_reconstruction__g05_010pct__seed_42__7d4653f145ab\result.json
42,8567ef203a5ee597693e62a0d260fe98a784dc1fcc7e208a2e46a44a434c391d,g05_full_reconstruction,0.25,8,structure,38,0.598759229183197,0.8727999954223633,0.827,0.29926375007629397,0.15731939506530762,0.19540309715270995,0.858,0.3687457695007324,0.7549397201538086,0.37014159774780275,8.0,1.0,0.9465999908447266,0.45504419708251953,0.42574301528930664,0.2296375503540039,0.907,0.9579999923706055,Results\new_learning9_experiments\5point_routing_v1_seed42\runs\g05_full_reconstruction__g05_025pct__seed_42__1ba41dbd95be\result.json
42,8567ef203a5ee597693e62a0d260fe98a784dc1fcc7e208a2e46a44a434c391d,g05_full_reconstruction,0.25,8,total,48,0.9650122370719909,0.8721999893188477,0.824,0.2993310890197754,0.15654720306396486,0.1978984546661377,0.867,0.35362299728393554,0.7495972824096679,0.3668149261474609,8.0,1.0,0.9429999923706055,0.4497063751220703,0.4260362434387207,0.22470212364196776,0.9,0.953999984741211,Results\new_learning9_experiments\5point_routing_v1_seed42\runs\g05_full_reconstruction__g05_025pct__seed_42__1ba41dbd95be\result.json
42,8567ef203a5ee597693e62a0d260fe98a784dc1fcc7e208a2e46a44a434c391d,g05_full_reconstruction,0.5,16,structure,42,0.6017102870941162,0.8755999832153321,0.831,0.29265279960632323,0.15650936889648437,0.1964940013885498,0.866,0.33865685272216794,0.7439989242553711,0.3639672737121582,16.0,1.0,0.9463999938964843,0.45309569931030275,0.4140042381286621,0.22480184745788573,0.907,0.9584000091552735,Results\new_learning9_experiments\5point_routing_v1_seed42\runs\g05_full_reconstruction__g05_050pct__seed_42__8c9fbcc55de0\result.json
42,8567ef203a5ee597693e62a0d260fe98a784dc1fcc7e208a2e46a44a434c391d,g05_full_reconstruction,0.5,16,total,42,0.952314868927002,0.8755999832153321,0.831,0.29265279960632323,0.15650936889648437,0.1964940013885498,0.866,0.33865685272216794,0.7439989242553711,0.3639672737121582,16.0,1.0,0.9463999938964843,0.45309569931030275,0.4140042381286621,0.22480184745788573,0.907,0.9584000091552735,Results\new_learning9_experiments\5point_routing_v1_seed42\runs\g05_full_reconstruction__g05_050pct__seed_42__8c9fbcc55de0\result.json
42,8567ef203a5ee597693e62a0d260fe98a784dc1fcc7e208a2e46a44a434c391d,g05_full_reconstruction,0.75,24,structure,33,0.6103228888511658,0.8794000015258789,0.837,0.2899287147521973,0.15652999687194824,0.19389896774291993,0.865,0.3387003364562988,0.7578502273559571,0.3726293296813965,24.0,1.0,0.9475999984741211,0.45291552352905273,0.4344385719299316,0.23053388023376464,0.908,0.9575999984741211,Results\new_learning9_experiments\5point_routing_v1_seed42\runs\g05_full_reconstruction__g05_075pct__seed_42__ea2fff605788\result.json
42,8567ef203a5ee597693e62a0d260fe98a784dc1fcc7e208a2e46a44a434c391d,g05_full_reconstruction,0.75,24,total,35,0.9575091617107392,0.8856000137329102,0.844,0.2831392707824707,0.1560608444213867,0.19380386924743653,0.87,0.3388747520446777,0.7571131210327149,0.37165554428100583,24.0,1.0,0.9478000030517578,0.4532449493408203,0.4325502052307129,0.22917145729064942,0.908,0.9571999893188476,Results\new_learning9_experiments\5point_routing_v1_seed42\runs\g05_full_reconstruction__g05_075pct__seed_42__ea2fff605788\result.json
42,8567ef203a5ee597693e62a0d260fe98a784dc1fcc7e208a2e46a44a434c391d,g05_full_reconstruction,1.0,32,structure,40,0.6107982482910156,0.865,0.82,0.3060613555908203,0.15538612174987793,0.1958992214202881,0.843,0.38615690994262697,0.7472522811889648,0.36521717071533205,32.0,1.0,0.9441999893188476,0.46033802032470705,0.4157281265258789,0.2195853385925293,0.902,0.9548000030517578,Results\new_learning9_experiments\5point_routing_v1_seed42\runs\g05_full_reconstruction__g05_100pct__seed_42__e2a69d923385\result.json
42,8567ef203a5ee597693e62a0d260fe98a784dc1fcc7e208a2e46a44a434c391d,g05_full_reconstruction,1.0,32,total,38,0.9530538766384125,0.8866000137329102,0.842,0.2814513397216797,0.1561046314239502,0.19357981872558594,0.867,0.33661320877075196,0.7480817413330079,0.3651225395202637,32.0,1.0,0.947,0.4632654342651367,0.4096050109863281,0.22249712181091308,0.908,0.9588000030517578,Results\new_learning9_experiments\5point_routing_v1_seed42\runs\g05_full_reconstruction__g05_100pct__seed_42__e2a69d923385\result.json
42,8567ef203a5ee597693e62a0d260fe98a784dc1fcc7e208a2e46a44a434c391d,g05_sign_only,0.0,0,structure,27,0.6065466957092285,,,0.1953316078186035,0.1591237678527832,0.1953316078186035,,,0.76283984375,0.3746533432006836,0.0,0.0,0.9500000228881836,0.45867706298828126,0.4339174041748047,0.2313655548095703,0.914,0.9623999938964843,Results\new_learning9_experiments\5point_routing_v1_seed42\runs\g05_sign_only__g05_000pct__seed_42__7381148c39db\result.json
42,8567ef203a5ee597693e62a0d260fe98a784dc1fcc7e208a2e46a44a434c391d,g05_sign_only,0.0,0,total,27,0.6065466957092285,,,0.1953316078186035,0.1591237678527832,0.1953316078186035,,,0.76283984375,0.3746533432006836,0.0,0.0,0.9500000228881836,0.45867706298828126,0.4339174041748047,0.2313655548095703,0.914,0.9623999938964843,Results\new_learning9_experiments\5point_routing_v1_seed42\runs\g05_sign_only__g05_000pct__seed_42__7381148c39db\result.json
42,8567ef203a5ee597693e62a0d260fe98a784dc1fcc7e208a2e46a44a434c391d,g05_sign_only,0.1,3,structure,27,0.6065466957092285,0.8698000106811523,0.829,0.3016634941101074,0.1591237678527832,0.1953316078186035,0.849,0.3644038848876953,0.76283984375,0.3746533432006836,3.0,1.0,0.9500000228881836,0.45867706298828126,0.4339174041748047,0.2313655548095703,0.914,0.9623999938964843,Results\new_learning9_experiments\5point_routing_v1_seed42\runs\g05_sign_only__g05_010pct__seed_42__c436f6048f89\result.json
42,8567ef203a5ee597693e62a0d260fe98a784dc1fcc7e208a2e46a44a434c391d,g05_sign_only,0.1,3,total,27,0.9815000081062317,0.8698000106811523,0.829,0.3016634941101074,0.1591237678527832,0.1953316078186035,0.849,0.3644038848876953,0.76283984375,0.3746533432006836,3.0,1.0,0.9500000228881836,0.45867706298828126,0.4339174041748047,0.2313655548095703,0.914,0.9623999938964843,Results\new_learning9_experiments\5point_routing_v1_seed42\runs\g05_sign_only__g05_010pct__seed_42__c436f6048f89\result.json
42,8567ef203a5ee597693e62a0d260fe98a784dc1fcc7e208a2e46a44a434c391d,g05_sign_only,0.25,8,structure,27,0.6065466957092285,0.8834000015258789,0.844,0.28646290016174314,0.1591237678527832,0.1953316078186035,0.865,0.3582423057556152,0.76283984375,0.3746533432006836,8.0,1.0,0.9500000228881836,0.45867706298828126,0.4339174041748047,0.2313655548095703,0.914,0.9623999938964843,Results\new_learning9_experiments\5point_routing_v1_seed42\runs\g05_sign_only__g05_025pct__seed_42__6b6220edd43e\result.json
42,8567ef203a5ee597693e62a0d260fe98a784dc1fcc7e208a2e46a44a434c391d,g05_sign_only,0.25,8,total,39,0.9696615707874298,0.8840000076293946,0.836,0.2881133613586426,0.1580794086456299,0.19939108657836915,0.864,0.35319912719726565,0.7509981384277343,0.3678529396057129,8.0,1.0,0.9435999908447266,0.45818439483642576,0.4173245735168457,0.22804977416992187,0.901,0.9543999710083008,Results\new_learning9_experiments\5point_routing_v1_seed42\runs\g05_sign_only__g05_025pct__seed_42__6b6220edd43e\result.json
42,8567ef203a5ee597693e62a0d260fe98a784dc1fcc7e208a2e46a44a434c391d,g05_sign_only,0.5,16,structure,27,0.6065466957092285,0.8898000106811523,0.85,0.2791120319366455,0.1591237678527832,0.1953316078186035,0.869,0.3447511940002441,0.76283984375,0.3746533432006836,16.0,1.0,0.9500000228881836,0.45867706298828126,0.4339174041748047,0.2313655548095703,0.914,0.9623999938964843,Results\new_learning9_experiments\5point_routing_v1_seed42\runs\g05_sign_only__g05_050pct__seed_42__3e78c74bbf35\result.json
42,8567ef203a5ee597693e62a0d260fe98a784dc1fcc7e208a2e46a44a434c391d,g05_sign_only,0.5,16,total,39,0.9564438395500183,0.8834000015258789,0.838,0.2894179382324219,0.1580794086456299,0.19939108657836915,0.873,0.3366216621398926,0.7509981384277343,0.3678529396057129,16.0,1.0,0.9435999908447266,0.45818439483642576,0.4173245735168457,0.22804977416992187,0.901,0.9543999710083008,Results\new_learning9_experiments\5point_routing_v1_seed42\runs\g05_sign_only__g05_050pct__seed_42__3e78c74bbf35\result.json
42,8567ef203a5ee597693e62a0d260fe98a784dc1fcc7e208a2e46a44a434c391d,g05_sign_only,0.75,24,structure,27,0.6065466957092285,0.888,0.848,0.2812375640869141,0.1591237678527832,0.1953316078186035,0.868,0.3430964088439941,0.76283984375,0.3746533432006836,24.0,1.0,0.9500000228881836,0.45867706298828126,0.4339174041748047,0.2313655548095703,0.914,0.9623999938964843,Results\new_learning9_experiments\5point_routing_v1_seed42\runs\g05_sign_only__g05_075pct__seed_42__4f060fadcb77\result.json
42,8567ef203a5ee597693e62a0d260fe98a784dc1fcc7e208a2e46a44a434c391d,g05_sign_only,0.75,24,total,39,0.9517466669082641,0.8876000061035156,0.842,0.2842649040222168,0.1580794086456299,0.19939108657836915,0.878,0.33488169860839845,0.7509981384277343,0.3678529396057129,24.0,1.0,0.9435999908447266,0.45818439483642576,0.4173245735168457,0.22804977416992187,0.901,0.9543999710083008,Results\new_learning9_experiments\5point_routing_v1_seed42\runs\g05_sign_only__g05_075pct__seed_42__4f060fadcb77\result.json
42,8567ef203a5ee597693e62a0d260fe98a784dc1fcc7e208a2e46a44a434c391d,g05_sign_only,1.0,32,structure,27,0.6065466957092285,0.891400001525879,0.85,0.277833194732666,0.1591237678527832,0.1953316078186035,0.873,0.335615909576416,0.76283984375,0.3746533432006836,32.0,1.0,0.9500000228881836,0.45867706298828126,0.4339174041748047,0.2313655548095703,0.914,0.9623999938964843,Results\new_learning9_experiments\5point_routing_v1_seed42\runs\g05_sign_only__g05_100pct__seed_42__adefc6a18cb3\result.json
42,8567ef203a5ee597693e62a0d260fe98a784dc1fcc7e208a2e46a44a434c391d,g05_sign_only,1.0,32,total,39,0.9511835587024688,0.8847999954223633,0.839,0.28712005043029787,0.1580794086456299,0.19939108657836915,0.876,0.33206972885131836,0.7509981384277343,0.3678529396057129,32.0,1.0,0.9435999908447266,0.45818439483642576,0.4173245735168457,0.22804977416992187,0.901,0.9543999710083008,Results\new_learning9_experiments\5point_routing_v1_seed42\runs\g05_sign_only__g05_100pct__seed_42__adefc6a18cb3\result.json
43,e9b0d8af58d4c2952687896959fd025c764afa044ce12a0a240a283e4fd284e6,g05_full_reconstruction,0.0,0,structure,31,0.5999058632850647,,,0.19724883460998535,0.15873043632507325,0.19724883460998535,,,0.7661625061035157,0.3748277015686035,0.0,0.0,0.9473999938964843,0.4418797950744629,0.45999319076538087,0.22261006546020506,0.909,0.9596000137329102,Results\new_learning9_experiments\5point_routing_v1_seed43\runs\g05_full_reconstruction__g05_000pct__seed_43__5677a97adc2f\result.json
43,e9b0d8af58d4c2952687896959fd025c764afa044ce12a0a240a283e4fd284e6,g05_full_reconstruction,0.0,0,total,31,0.5999058632850647,,,0.19724883460998535,0.15873043632507325,0.19724883460998535,,,0.7661625061035157,0.3748277015686035,0.0,0.0,0.9473999938964843,0.4418797950744629,0.45999319076538087,0.22261006546020506,0.909,0.9596000137329102,Results\new_learning9_experiments\5point_routing_v1_seed43\runs\g05_full_reconstruction__g05_000pct__seed_43__5677a97adc2f\result.json
43,e9b0d8af58d4c2952687896959fd025c764afa044ce12a0a240a283e4fd284e6,g05_full_reconstruction,0.1,3,structure,27,0.5964744434356689,0.8652000045776367,0.827,0.3081384162902832,0.15770724487304688,0.19312393188476562,0.848,0.3679371490478516,0.7648545761108398,0.37458877182006833,3.0,1.0,0.9521999893188476,0.45175109481811526,0.44481019592285154,0.22720494842529296,0.917,0.9628000030517578,Results\new_learning9_experiments\5point_routing_v1_seed43\runs\g05_full_reconstruction__g05_010pct__seed_43__b4e053f4082b\result.json
43,e9b0d8af58d4c2952687896959fd025c764afa044ce12a0a240a283e4fd284e6,g05_full_reconstruction,0.1,3,total,29,0.9713646416664123,0.8676000061035156,0.824,0.30387536239624025,0.15662462425231932,0.19459290313720704,0.852,0.3691210708618164,0.7574405746459961,0.37093201065063475,3.0,1.0,0.9477999954223633,0.44332362365722655,0.4461059989929199,0.2233663558959961,0.908,0.9572000045776368,Results\new_learning9_experiments\5point_routing_v1_seed43\runs\g05_full_reconstruction__g05_010pct__seed_43__b4e053f4082b\result.json
43,e9b0d8af58d4c2952687896959fd025c764afa044ce12a0a240a283e4fd284e6,g05_full_reconstruction,0.25,8,structure,33,0.5974098076820373,0.8852000045776367,0.842,0.2826988143920898,0.15586507225036622,0.19522592735290528,0.87,0.3496052207946777,0.7628705673217774,0.3734630241394043,8.0,1.0,0.9471999969482422,0.444386775970459,0.4544422607421875,0.2215600070953369,0.909,0.96,Results\new_learning9_experiments\5point_routing_v1_seed43\runs\g05_full_reconstruction__g05_025pct__seed_43__fe84a1df815e\result.json
43,e9b0d8af58d4c2952687896959fd025c764afa044ce12a0a240a283e4fd284e6,g05_full_reconstruction,0.25,8,total,29,0.9537390437126159,0.8883999938964844,0.842,0.2793896141052246,0.1567006893157959,0.1968803291320801,0.87,0.3533282356262207,0.7632284317016601,0.3734051399230957,8.0,1.0,0.9455999984741211,0.44799478912353513,0.4492935676574707,0.22292701530456543,0.904,0.9551999893188476,Results\new_learning9_experiments\5point_routing_v1_seed43\runs\g05_full_reconstruction__g05_025pct__seed_43__fe84a1df815e\result.json
43,e9b0d8af58d4c2952687896959fd025c764afa044ce12a0a240a283e4fd284e6,g05_full_reconstruction,0.5,16,structure,33,0.5948610897064209,0.8866000061035156,0.845,0.2809989128112793,0.15664954566955566,0.19526694107055664,0.873,0.34209753036499024,0.7612381362915039,0.3736243209838867,16.0,1.0,0.9472000122070312,0.44515294647216797,0.45429349899291993,0.2214264850616455,0.908,0.9583999938964843,Results\new_learning9_experiments\5point_routing_v1_seed43\runs\g05_full_reconstruction__g05_050pct__seed_43__fa2e48ef7502\result.json
43,e9b0d8af58d4c2952687896959fd025c764afa044ce12a0a240a283e4fd284e6,g05_full_reconstruction,0.5,16,total,41,0.9489210312366486,0.887000015258789,0.846,0.281919376373291,0.15680460739135743,0.1940133285522461,0.875,0.33621891021728517,0.7532633972167969,0.3685847625732422,16.0,1.0,0.9491999969482422,0.44415258026123045,0.4422540626525879,0.21934764099121093,0.911,0.9591999893188476,Results\new_learning9_experiments\5point_routing_v1_seed43\runs\g05_full_reconstruction__g05_050pct__seed_43__fa2e48ef7502\result.json
43,e9b0d8af58d4c2952687896959fd025c764afa044ce12a0a240a283e4fd284e6,g05_full_reconstruction,0.75,24,structure,26,0.5971823506355286,0.8882000045776367,0.848,0.2803335628509521,0.15612986183166505,0.19492389488220216,0.875,0.34150933074951173,0.7650309982299804,0.3758658332824707,24.0,1.0,0.9482000045776368,0.4521459541320801,0.45148019409179685,0.22397129440307617,0.91,0.9595999908447266,Results\new_learning9_experiments\5point_routing_v1_seed43\runs\g05_full_reconstruction__g05_075pct__seed_43__d87f793ac782\result.json
43,e9b0d8af58d4c2952687896959fd025c764afa044ce12a0a240a283e4fd284e6,g05_full_reconstruction,0.75,24,total,36,0.9503707411289215,0.8833999938964844,0.843,0.28507897186279296,0.1562613410949707,0.19325004005432128,0.875,0.336909610748291,0.7605389175415039,0.3736267967224121,24.0,1.0,0.9486000061035156,0.4514920654296875,0.4476106948852539,0.22177762603759765,0.91,0.9587999877929687,Results\new_learning9_experiments\5point_routing_v1_seed43\runs\g05_full_reconstruction__g05_075pct__seed_43__d87f793ac782\result.json
43,e9b0d8af58d4c2952687896959fd025c764afa044ce12a0a240a283e4fd284e6,g05_full_reconstruction,1.0,32,structure,26,0.5975169048309327,0.8886000061035156,0.852,0.2787014503479004,0.15529882049560548,0.18934203720092774,0.871,0.33680766296386716,0.7598246459960938,0.37183147048950194,32.0,1.0,0.9527999877929687,0.44576039505004883,0.4478859405517578,0.22184802436828613,0.918,0.9632000045776368,Results\new_learning9_experiments\5point_routing_v1_seed43\runs\g05_full_reconstruction__g05_100pct__seed_43__dbf9e42ecafa\result.json
43,e9b0d8af58d4c2952687896959fd025c764afa044ce12a0a240a283e4fd284e6,g05_full_reconstruction,1.0,32,total,26,0.9486440725326539,0.8886000061035156,0.852,0.2787014503479004,0.15529882049560548,0.18934203720092774,0.871,0.33680766296386716,0.7598246459960938,0.37183147048950194,32.0,1.0,0.9527999877929687,0.44576039505004883,0.4478859405517578,0.22184802436828613,0.918,0.9632000045776368,Results\new_learning9_experiments\5point_routing_v1_seed43\runs\g05_full_reconstruction__g05_100pct__seed_43__dbf9e42ecafa\result.json
43,e9b0d8af58d4c2952687896959fd025c764afa044ce12a0a240a283e4fd284e6,g05_sign_only,0.0,0,structure,31,0.5999058632850647,,,0.19724883460998535,0.15873043632507325,0.19724883460998535,,,0.7661625061035157,0.3748277015686035,0.0,0.0,0.9473999938964843,0.4418797950744629,0.45999319076538087,0.22261006546020506,0.909,0.9596000137329102,Results\new_learning9_experiments\5point_routing_v1_seed43\runs\g05_sign_only__g05_000pct__seed_43__e70a7bddfd5e\result.json
43,e9b0d8af58d4c2952687896959fd025c764afa044ce12a0a240a283e4fd284e6,g05_sign_only,0.0,0,total,31,0.5999058632850647,,,0.19724883460998535,0.15873043632507325,0.19724883460998535,,,0.7661625061035157,0.3748277015686035,0.0,0.0,0.9473999938964843,0.4418797950744629,0.45999319076538087,0.22261006546020506,0.909,0.9596000137329102,Results\new_learning9_experiments\5point_routing_v1_seed43\runs\g05_sign_only__g05_000pct__seed_43__e70a7bddfd5e\result.json
43,e9b0d8af58d4c2952687896959fd025c764afa044ce12a0a240a283e4fd284e6,g05_sign_only,0.1,3,structure,31,0.5999058632850647,0.8678000030517579,0.824,0.3057953987121582,0.15873043632507325,0.19724883460998535,0.853,0.36530050277709963,0.7661625061035157,0.3748277015686035,3.0,1.0,0.9473999938964843,0.4418797950744629,0.45999319076538087,0.22261006546020506,0.909,0.9596000137329102,Results\new_learning9_experiments\5point_routing_v1_seed43\runs\g05_sign_only__g05_010pct__seed_43__569719e6de6c\result.json
43,e9b0d8af58d4c2952687896959fd025c764afa044ce12a0a240a283e4fd284e6,g05_sign_only,0.1,3,total,31,0.9757132153511048,0.8678000030517579,0.824,0.3057953987121582,0.15873043632507325,0.19724883460998535,0.853,0.36530050277709963,0.7661625061035157,0.3748277015686035,3.0,1.0,0.9473999938964843,0.4418797950744629,0.45999319076538087,0.22261006546020506,0.909,0.9596000137329102,Results\new_learning9_experiments\5point_routing_v1_seed43\runs\g05_sign_only__g05_010pct__seed_43__569719e6de6c\result.json
43,e9b0d8af58d4c2952687896959fd025c764afa044ce12a0a240a283e4fd284e6,g05_sign_only,0.25,8,structure,31,0.5999058632850647,0.8804000015258789,0.837,0.2910685920715332,0.15873043632507325,0.19724883460998535,0.864,0.3517534828186035,0.7661625061035157,0.3748277015686035,8.0,1.0,0.9473999938964843,0.4418797950744629,0.45999319076538087,0.22261006546020506,0.909,0.9596000137329102,Results\new_learning9_experiments\5point_routing_v1_seed43\runs\g05_sign_only__g05_025pct__seed_43__559b9cd8371e\result.json
43,e9b0d8af58d4c2952687896959fd025c764afa044ce12a0a240a283e4fd284e6,g05_sign_only,0.25,8,total,31,0.9594545781612396,0.8804000015258789,0.837,0.2910685920715332,0.15873043632507325,0.19724883460998535,0.864,0.3517534828186035,0.7661625061035157,0.3748277015686035,8.0,1.0,0.9473999938964843,0.4418797950744629,0.45999319076538087,0.22261006546020506,0.909,0.9596000137329102,Results\new_learning9_experiments\5point_routing_v1_seed43\runs\g05_sign_only__g05_025pct__seed_43__559b9cd8371e\result.json
43,e9b0d8af58d4c2952687896959fd025c764afa044ce12a0a240a283e4fd284e6,g05_sign_only,0.5,16,structure,31,0.5999058632850647,0.8796000061035156,0.837,0.29180274391174316,0.15873043632507325,0.19724883460998535,0.864,0.3409062690734863,0.7661625061035157,0.3748277015686035,16.0,1.0,0.9473999938964843,0.4418797950744629,0.45999319076538087,0.22261006546020506,0.909,0.9596000137329102,Results\new_learning9_experiments\5point_routing_v1_seed43\runs\g05_sign_only__g05_050pct__seed_43__9763f0d66175\result.json
43,e9b0d8af58d4c2952687896959fd025c764afa044ce12a0a240a283e4fd284e6,g05_sign_only,0.5,16,total,31,0.9505535707473755,0.8796000061035156,0.837,0.29180274391174316,0.15873043632507325,0.19724883460998535,0.864,0.3409062690734863,0.7661625061035157,0.3748277015686035,16.0,1.0,0.9473999938964843,0.4418797950744629,0.45999319076538087,0.22261006546020506,0.909,0.9596000137329102,Results\new_learning9_experiments\5point_routing_v1_seed43\runs\g05_sign_only__g05_050pct__seed_43__9763f0d66175\result.json
43,e9b0d8af58d4c2952687896959fd025c764afa044ce12a0a240a283e4fd284e6,g05_sign_only,0.75,24,structure,31,0.5999058632850647,0.893,0.85,0.2761736145019531,0.15873043632507325,0.19724883460998535,0.879,0.3342213249206543,0.7661625061035157,0.3748277015686035,24.0,1.0,0.9473999938964843,0.4418797950744629,0.45999319076538087,0.22261006546020506,0.909,0.9596000137329102,Results\new_learning9_experiments\5point_routing_v1_seed43\runs\g05_sign_only__g05_075pct__seed_43__b85b94b83477\result.json
43,e9b0d8af58d4c2952687896959fd025c764afa044ce12a0a240a283e4fd284e6,g05_sign_only,0.75,24,total,31,0.9457412340641022,0.893,0.85,0.2761736145019531,0.15873043632507325,0.19724883460998535,0.879,0.3342213249206543,0.7661625061035157,0.3748277015686035,24.0,1.0,0.9473999938964843,0.4418797950744629,0.45999319076538087,0.22261006546020506,0.909,0.9596000137329102,Results\new_learning9_experiments\5point_routing_v1_seed43\runs\g05_sign_only__g05_075pct__seed_43__b85b94b83477\result.json
43,e9b0d8af58d4c2952687896959fd025c764afa044ce12a0a240a283e4fd284e6,g05_sign_only,1.0,32,structure,31,0.5999058632850647,0.8866000061035156,0.843,0.2836688289642334,0.15873043632507325,0.19724883460998535,0.871,0.332178279876709,0.7661625061035157,0.3748277015686035,32.0,1.0,0.9473999938964843,0.4418797950744629,0.45999319076538087,0.22261006546020506,0.909,0.9596000137329102,Results\new_learning9_experiments\5point_routing_v1_seed43\runs\g05_sign_only__g05_100pct__seed_43__7eca43faabbb\result.json
43,e9b0d8af58d4c2952687896959fd025c764afa044ce12a0a240a283e4fd284e6,g05_sign_only,1.0,32,total,31,0.9406301028728485,0.8866000061035156,0.843,0.2836688289642334,0.15873043632507325,0.19724883460998535,0.871,0.332178279876709,0.7661625061035157,0.3748277015686035,32.0,1.0,0.9473999938964843,0.4418797950744629,0.45999319076538087,0.22261006546020506,0.909,0.9596000137329102,Results\new_learning9_experiments\5point_routing_v1_seed43\runs\g05_sign_only__g05_100pct__seed_43__7eca43faabbb\result.json
