split,candidate_id,fraction,seed,checkpoint_selection,metric,sign_only,full,full_improvement
validation,baseline,1.0,41,structure,loss_global_sign,0.34561516451835633,0.3483570759296417,-0.0027419114112853804
validation,baseline,1.0,41,structure,loss_magnitude,0.07286872959136963,0.07351794737577438,-0.000649217784404757
validation,baseline,1.0,41,structure,loss_position,0.45602763891220094,0.4635216920375824,-0.0074940531253814835
validation,baseline,1.0,41,structure,loss_relative_sign,0.061768150627613067,0.06387830966711044,-0.002110159039497378
validation,baseline,1.0,41,structure,loss_structure,0.5906645221710205,0.6009179449081421,-0.010253422737121598
validation,baseline,1.0,41,structure,loss_total,0.9362796866893768,0.9492750208377838,-0.012995334148407034
validation,baseline,1.0,41,structure,absolute_sign_accuracy,0.8806000137329102,0.8736000061035156,-0.007000007629394567
validation,baseline,1.0,41,structure,absolute_sign_set_accuracy,0.842,0.833,-0.009000000000000008
validation,baseline,1.0,41,structure,charge_mae,0.2821016960144043,0.29332593154907227,-0.011224235534667948
validation,baseline,1.0,41,structure,charge_magnitude_mae,0.15328179359436034,0.1537076473236084,-0.00042585372924805465
validation,baseline,1.0,41,structure,global_invariant_charge_mae,0.1856759090423584,0.18759724044799805,-0.001921331405639659
validation,baseline,1.0,41,structure,global_sign_accuracy,0.857,0.856,-0.0010000000000000009
validation,baseline,1.0,41,structure,global_sign_bce,0.345615161895752,0.34835707473754884,-0.0027419128417968675
validation,baseline,1.0,41,structure,mean_position_3d_error,0.7451625061035156,0.7548253479003906,-0.009662841796874932
validation,baseline,1.0,41,structure,mean_position_mae,0.3659396247863769,0.3704276275634766,-0.004488002777099653
validation,baseline,1.0,41,structure,observations_per_sample,32.0,32.0,0.0
validation,baseline,1.0,41,structure,observed_sample_fraction,1.0,1.0,0.0
validation,baseline,1.0,41,structure,pairwise_relative_sign_accuracy,0.954599983215332,0.9520000152587891,-0.0025999679565429368
validation,baseline,1.0,41,structure,position_mae_x,0.4497040710449219,0.45509666061401366,-0.005392589569091777
validation,baseline,1.0,41,structure,position_mae_y,0.42625172424316404,0.43370882415771483,-0.007457099914550791
validation,baseline,1.0,41,structure,position_mae_z,0.22186301994323732,0.22247735595703125,-0.0006143360137939313
validation,baseline,1.0,41,structure,relative_configuration_accuracy,0.919,0.915,-0.0040000000000000036
validation,baseline,1.0,41,structure,relative_sign_accuracy,0.9612000045776368,0.9600000076293945,-0.0011999969482422435
validation,baseline,1.0,41,total,loss_global_sign,0.34561516451835633,0.3483570759296417,-0.0027419114112853804
validation,baseline,1.0,41,total,loss_magnitude,0.07286872959136963,0.07351794737577438,-0.000649217784404757
validation,baseline,1.0,41,total,loss_position,0.45602763891220094,0.4635216920375824,-0.0074940531253814835
validation,baseline,1.0,41,total,loss_relative_sign,0.061768150627613067,0.06387830966711044,-0.002110159039497378
validation,baseline,1.0,41,total,loss_structure,0.5906645221710205,0.6009179449081421,-0.010253422737121598
validation,baseline,1.0,41,total,loss_total,0.9362796866893768,0.9492750208377838,-0.012995334148407034
validation,baseline,1.0,41,total,absolute_sign_accuracy,0.8806000137329102,0.8736000061035156,-0.007000007629394567
validation,baseline,1.0,41,total,absolute_sign_set_accuracy,0.842,0.833,-0.009000000000000008
validation,baseline,1.0,41,total,charge_mae,0.2821016960144043,0.29332593154907227,-0.011224235534667948
validation,baseline,1.0,41,total,charge_magnitude_mae,0.15328179359436034,0.1537076473236084,-0.00042585372924805465
validation,baseline,1.0,41,total,global_invariant_charge_mae,0.1856759090423584,0.18759724044799805,-0.001921331405639659
validation,baseline,1.0,41,total,global_sign_accuracy,0.857,0.856,-0.0010000000000000009
validation,baseline,1.0,41,total,global_sign_bce,0.345615161895752,0.34835707473754884,-0.0027419128417968675
validation,baseline,1.0,41,total,mean_position_3d_error,0.7451625061035156,0.7548253479003906,-0.009662841796874932
validation,baseline,1.0,41,total,mean_position_mae,0.3659396247863769,0.3704276275634766,-0.004488002777099653
validation,baseline,1.0,41,total,observations_per_sample,32.0,32.0,0.0
validation,baseline,1.0,41,total,observed_sample_fraction,1.0,1.0,0.0
validation,baseline,1.0,41,total,pairwise_relative_sign_accuracy,0.954599983215332,0.9520000152587891,-0.0025999679565429368
validation,baseline,1.0,41,total,position_mae_x,0.4497040710449219,0.45509666061401366,-0.005392589569091777
validation,baseline,1.0,41,total,position_mae_y,0.42625172424316404,0.43370882415771483,-0.007457099914550791
validation,baseline,1.0,41,total,position_mae_z,0.22186301994323732,0.22247735595703125,-0.0006143360137939313
validation,baseline,1.0,41,total,relative_configuration_accuracy,0.919,0.915,-0.0040000000000000036
validation,baseline,1.0,41,total,relative_sign_accuracy,0.9612000045776368,0.9600000076293945,-0.0011999969482422435
validation,baseline,1.0,42,structure,loss_global_sign,0.34910545086860656,0.3471103839874268,0.0019950668811797856
validation,baseline,1.0,42,structure,loss_magnitude,0.07530006521940232,0.07461936646699906,0.0006806987524032582
validation,baseline,1.0,42,structure,loss_position,0.46072743344306943,0.47133282899856566,-0.010605395555496222
validation,baseline,1.0,42,structure,loss_relative_sign,0.06493445384502411,0.06275699877738952,0.002177455067634587
validation,baseline,1.0,42,structure,loss_structure,0.6009619393348694,0.6087091903686523,-0.0077472510337829315
validation,baseline,1.0,42,structure,loss_total,0.950067390203476,0.9558195743560791,-0.005752184152603146
validation,baseline,1.0,42,structure,absolute_sign_accuracy,0.8686000061035156,0.8737999801635742,0.005199974060058565
validation,baseline,1.0,42,structure,absolute_sign_set_accuracy,0.832,0.831,-0.0010000000000000009
validation,baseline,1.0,42,structure,charge_mae,0.2972998046875,0.29490615463256836,0.0023936500549316397
validation,baseline,1.0,42,structure,charge_magnitude_mae,0.15574238395690918,0.15526732063293458,0.00047506332397459494
validation,baseline,1.0,42,structure,global_invariant_charge_mae,0.18798015213012695,0.19057730293273925,-0.0025971508026123025
validation,baseline,1.0,42,structure,global_sign_accuracy,0.859,0.857,-0.0020000000000000018
validation,baseline,1.0,42,structure,global_sign_bce,0.3491054496765137,0.3471103820800781,0.0019950675964355846
validation,baseline,1.0,42,structure,mean_position_3d_error,0.7502518615722656,0.762980224609375,-0.012728363037109336
validation,baseline,1.0,42,structure,mean_position_mae,0.3692874755859375,0.37435241317749024,-0.005064937591552743
validation,baseline,1.0,42,structure,observations_per_sample,32.0,32.0,0.0
validation,baseline,1.0,42,structure,observed_sample_fraction,1.0,1.0,0.0
validation,baseline,1.0,42,structure,pairwise_relative_sign_accuracy,0.9548000030517578,0.9499999923706055,-0.0048000106811523224
validation,baseline,1.0,42,structure,position_mae_x,0.44634907150268555,0.4502324676513672,-0.0038833961486816615
validation,baseline,1.0,42,structure,position_mae_y,0.43911053466796873,0.44561796951293947,-0.006507434844970739
validation,baseline,1.0,42,structure,position_mae_z,0.22240278244018555,0.2272067642211914,-0.004803981781005856
validation,baseline,1.0,42,structure,relative_configuration_accuracy,0.92,0.912,-0.008000000000000007
validation,baseline,1.0,42,structure,relative_sign_accuracy,0.9624000015258789,0.9591999893188476,-0.0032000122070312553
validation,baseline,1.0,42,total,loss_global_sign,0.34910545086860656,0.3423144094944,0.006791041374206552
validation,baseline,1.0,42,total,loss_magnitude,0.07530006521940232,0.07456688964366913,0.0007331755757331859
validation,baseline,1.0,42,total,loss_position,0.46072743344306943,0.47153129410743716,-0.010803860664367726
validation,baseline,1.0,42,total,loss_relative_sign,0.06493445384502411,0.06672478348016739,-0.0017903296351432785
validation,baseline,1.0,42,total,loss_structure,0.6009619393348694,0.612822968006134,-0.011861028671264595
validation,baseline,1.0,42,total,loss_total,0.950067390203476,0.9551373775005341,-0.005069987297058098
validation,baseline,1.0,42,total,absolute_sign_accuracy,0.8686000061035156,0.8763999938964844,0.0077999877929687544
validation,baseline,1.0,42,total,absolute_sign_set_accuracy,0.832,0.837,0.0050000000000000044
validation,baseline,1.0,42,total,charge_mae,0.2972998046875,0.2904986991882324,0.006801105499267601
validation,baseline,1.0,42,total,charge_magnitude_mae,0.15574238395690918,0.15542917060852052,0.0003132133483886579
validation,baseline,1.0,42,total,global_invariant_charge_mae,0.18798015213012695,0.18885976409912109,-0.0008796119689941373
validation,baseline,1.0,42,total,global_sign_accuracy,0.859,0.856,-0.0030000000000000027
validation,baseline,1.0,42,total,global_sign_bce,0.3491054496765137,0.34231440734863283,0.0067910423278808585
validation,baseline,1.0,42,total,mean_position_3d_error,0.7502518615722656,0.767878890991211,-0.01762702941894534
validation,baseline,1.0,42,total,mean_position_mae,0.3692874755859375,0.37621129608154297,-0.0069238204956054705
validation,baseline,1.0,42,total,observations_per_sample,32.0,32.0,0.0
validation,baseline,1.0,42,total,observed_sample_fraction,1.0,1.0,0.0
validation,baseline,1.0,42,total,pairwise_relative_sign_accuracy,0.9548000030517578,0.9526000061035156,-0.0021999969482422443
validation,baseline,1.0,42,total,position_mae_x,0.44634907150268555,0.45160297775268554,-0.0052539062499999956
validation,baseline,1.0,42,total,position_mae_y,0.43911053466796873,0.4528298568725586,-0.013719322204589879
validation,baseline,1.0,42,total,position_mae_z,0.22240278244018555,0.2242010498046875,-0.0017982673645019487
validation,baseline,1.0,42,total,relative_configuration_accuracy,0.92,0.916,-0.0040000000000000036
validation,baseline,1.0,42,total,relative_sign_accuracy,0.9624000015258789,0.9604000091552735,-0.001999992370605441
validation,baseline,1.0,43,structure,loss_global_sign,0.3425494289398193,0.3505796298980713,-0.008030200958251965
validation,baseline,1.0,43,structure,loss_magnitude,0.07422971874475479,0.07336565500497819,0.0008640637397765993
validation,baseline,1.0,43,structure,loss_position,0.4628551061153412,0.46678959703445433,-0.003934490919113132
validation,baseline,1.0,43,structure,loss_relative_sign,0.06142354932427406,0.056472340106964114,0.004951209217309946
validation,baseline,1.0,43,structure,loss_structure,0.598508382320404,0.5966275882720947,0.00188079404830932
validation,baseline,1.0,43,structure,loss_total,0.9410578112602234,0.9472072181701661,-0.006149406909942701
validation,baseline,1.0,43,structure,absolute_sign_accuracy,0.8783999938964844,0.8741999893188477,-0.004200004577636696
validation,baseline,1.0,43,structure,absolute_sign_set_accuracy,0.839,0.835,-0.0040000000000000036
validation,baseline,1.0,43,structure,charge_mae,0.28753943252563474,0.2910713596343994,-0.003531927108764654
validation,baseline,1.0,43,structure,charge_magnitude_mae,0.15502783203125,0.15418047523498535,0.0008473567962646589
validation,baseline,1.0,43,structure,global_invariant_charge_mae,0.1883136920928955,0.1867463550567627,0.0015673370361327932
validation,baseline,1.0,43,structure,global_sign_accuracy,0.856,0.851,-0.0050000000000000044
validation,baseline,1.0,43,structure,global_sign_bce,0.3425494289398193,0.3505796279907227,-0.008030199050903353
validation,baseline,1.0,43,structure,mean_position_3d_error,0.7552856674194336,0.7631776580810546,-0.007891990661621051
validation,baseline,1.0,43,structure,mean_position_mae,0.3709542198181152,0.3730879554748535,-0.0021337356567383003
validation,baseline,1.0,43,structure,observations_per_sample,32.0,32.0,0.0
validation,baseline,1.0,43,structure,observed_sample_fraction,1.0,1.0,0.0
validation,baseline,1.0,43,structure,pairwise_relative_sign_accuracy,0.9532000045776368,0.953599983215332,0.000399978637695253
validation,baseline,1.0,43,structure,position_mae_x,0.4358943824768066,0.43873909378051756,-0.002844711303710945
validation,baseline,1.0,43,structure,position_mae_y,0.45611518478393553,0.46041915130615235,-0.004303966522216818
validation,baseline,1.0,43,structure,position_mae_z,0.2208530616760254,0.22010556411743165,0.0007474975585937405
validation,baseline,1.0,43,structure,relative_configuration_accuracy,0.917,0.918,0.0010000000000000009
validation,baseline,1.0,43,structure,relative_sign_accuracy,0.9608000030517578,0.9616000061035156,0.0008000030517577583
validation,baseline,1.0,43,total,loss_global_sign,0.34123589873313903,0.3505796298980713,-0.009343731164932256
validation,baseline,1.0,43,total,loss_magnitude,0.07467613172531128,0.07336565500497819,0.0013104767203330897
validation,baseline,1.0,43,total,loss_position,0.4653138885498047,0.46678959703445433,-0.0014757084846496182
validation,baseline,1.0,43,total,loss_relative_sign,0.05875707930326462,0.056472340106964114,0.0022847391963005045
validation,baseline,1.0,43,total,loss_structure,0.5987471127510071,0.5966275882720947,0.0021195244789123935
validation,baseline,1.0,43,total,loss_total,0.9399830114841461,0.9472072181701661,-0.007224206686019974
validation,baseline,1.0,43,total,absolute_sign_accuracy,0.8755999908447266,0.8741999893188477,-0.0014000015258789356
validation,baseline,1.0,43,total,absolute_sign_set_accuracy,0.835,0.835,0.0
validation,baseline,1.0,43,total,charge_mae,0.291197868347168,0.2910713596343994,0.00012650871276859155
validation,baseline,1.0,43,total,charge_magnitude_mae,0.1554702434539795,0.15418047523498535,0.0012897682189941528
validation,baseline,1.0,43,total,global_invariant_charge_mae,0.1885644416809082,0.1867463550567627,0.0018180866241454818
validation,baseline,1.0,43,total,global_sign_accuracy,0.858,0.851,-0.007000000000000006
validation,baseline,1.0,43,total,global_sign_bce,0.341235897064209,0.3505796279907227,-0.009343730926513694
validation,baseline,1.0,43,total,mean_position_3d_error,0.7593000869750977,0.7631776580810546,-0.0038775711059569895
validation,baseline,1.0,43,total,mean_position_mae,0.3725656394958496,0.3730879554748535,-0.0005223159790039289
validation,baseline,1.0,43,total,observations_per_sample,32.0,32.0,0.0
validation,baseline,1.0,43,total,observed_sample_fraction,1.0,1.0,0.0
validation,baseline,1.0,43,total,pairwise_relative_sign_accuracy,0.9524000015258789,0.953599983215332,0.0011999816894531223
validation,baseline,1.0,43,total,position_mae_x,0.43694368743896483,0.43873909378051756,-0.00179540634155273
validation,baseline,1.0,43,total,position_mae_y,0.4607727241516113,0.46041915130615235,0.0003535728454589493
validation,baseline,1.0,43,total,position_mae_z,0.21998046112060546,0.22010556411743165,-0.00012510299682619297
validation,baseline,1.0,43,total,relative_configuration_accuracy,0.915,0.918,0.0030000000000000027
validation,baseline,1.0,43,total,relative_sign_accuracy,0.9592000045776368,0.9616000061035156,0.0024000015258788254
validation,dropout020,1.0,41,structure,loss_global_sign,0.3426971724033356,0.350703661441803,-0.008006489038467401
validation,dropout020,1.0,41,structure,loss_magnitude,0.07385378813743591,0.07298920184373855,0.0008645862936973586
validation,dropout020,1.0,41,structure,loss_position,0.4472161099910736,0.4353865842819214,0.011829525709152189
validation,dropout020,1.0,41,structure,loss_relative_sign,0.06603196179866791,0.06715135240554809,-0.0011193906068801829
validation,dropout020,1.0,41,structure,loss_structure,0.5871018548011779,0.5755271415710449,0.011574713230133038
validation,dropout020,1.0,41,structure,loss_total,0.9297990272045136,0.9262308030128479,0.003568224191665692
validation,dropout020,1.0,41,structure,absolute_sign_accuracy,0.8745999908447266,0.8710000152587891,-0.0035999755859374982
validation,dropout020,1.0,41,structure,absolute_sign_set_accuracy,0.839,0.834,-0.0050000000000000044
validation,dropout020,1.0,41,structure,charge_mae,0.2929573783874512,0.29435736846923827,-0.0013999900817870947
validation,dropout020,1.0,41,structure,charge_magnitude_mae,0.15511098670959472,0.1532922191619873,0.0018187675476074305
validation,dropout020,1.0,41,structure,global_invariant_charge_mae,0.18656410598754883,0.1858741226196289,0.0006899833679199219
validation,dropout020,1.0,41,structure,global_sign_accuracy,0.855,0.857,0.0020000000000000018
validation,dropout020,1.0,41,structure,global_sign_bce,0.34269717025756835,0.3507036590576172,-0.008006488800048839
validation,dropout020,1.0,41,structure,mean_position_3d_error,0.7365636215209961,0.7170466842651367,0.019516937255859346
validation,dropout020,1.0,41,structure,mean_position_mae,0.3611709747314453,0.3522835922241211,0.008887382507324237
validation,dropout020,1.0,41,structure,observations_per_sample,32.0,32.0,0.0
validation,dropout020,1.0,41,structure,observed_sample_fraction,1.0,1.0,0.0
validation,dropout020,1.0,41,structure,pairwise_relative_sign_accuracy,0.954999984741211,0.9541999816894531,-0.0008000030517578693
validation,dropout020,1.0,41,structure,position_mae_x,0.4230592460632324,0.4131784019470215,0.00988084411621093
validation,dropout020,1.0,41,structure,position_mae_y,0.44331318664550784,0.4266377639770508,0.016675422668457063
validation,dropout020,1.0,41,structure,position_mae_z,0.21714043045043946,0.21703456115722655,0.00010586929321290683
validation,dropout020,1.0,41,structure,relative_configuration_accuracy,0.92,0.92,0.0
validation,dropout020,1.0,41,structure,relative_sign_accuracy,0.9620000076293945,0.9636000137329102,0.0016000061035156277
validation,dropout020,1.0,41,total,loss_global_sign,0.3426971724033356,0.3431125099658966,-0.0004153375625610134
validation,dropout020,1.0,41,total,loss_magnitude,0.07385378813743591,0.0736674787402153,0.00018630939722061313
validation,dropout020,1.0,41,total,loss_position,0.4472161099910736,0.43699220776557923,0.010223902225494352
validation,dropout020,1.0,41,total,loss_relative_sign,0.06603196179866791,0.06576152718067169,0.0002704346179962236
validation,dropout020,1.0,41,total,loss_structure,0.5871018548011779,0.5764212160110473,0.010680638790130592
validation,dropout020,1.0,41,total,loss_total,0.9297990272045136,0.9195337259769439,0.010265301227569634
validation,dropout020,1.0,41,total,absolute_sign_accuracy,0.8745999908447266,0.868,-0.006599990844726622
validation,dropout020,1.0,41,total,absolute_sign_set_accuracy,0.839,0.828,-0.01100000000000001
validation,dropout020,1.0,41,total,charge_mae,0.2929573783874512,0.2961565475463867,-0.003199169158935533
validation,dropout020,1.0,41,total,charge_magnitude_mae,0.15511098670959472,0.15343565559387207,0.0016753311157226558
validation,dropout020,1.0,41,total,global_invariant_charge_mae,0.18656410598754883,0.18765894889831544,-0.0010948429107666136
validation,dropout020,1.0,41,total,global_sign_accuracy,0.855,0.854,-0.0010000000000000009
validation,dropout020,1.0,41,total,global_sign_bce,0.34269717025756835,0.34311250686645506,-0.0004153366088867072
validation,dropout020,1.0,41,total,mean_position_3d_error,0.7365636215209961,0.7252916183471679,0.011272003173828149
validation,dropout020,1.0,41,total,mean_position_mae,0.3611709747314453,0.35547518539428713,0.005695789337158197
validation,dropout020,1.0,41,total,observations_per_sample,32.0,32.0,0.0
validation,dropout020,1.0,41,total,observed_sample_fraction,1.0,1.0,0.0
validation,dropout020,1.0,41,total,pairwise_relative_sign_accuracy,0.954999984741211,0.9526000061035156,-0.002399978637695366
validation,dropout020,1.0,41,total,position_mae_x,0.4230592460632324,0.41941147994995115,0.00364776611328127
validation,dropout020,1.0,41,total,position_mae_y,0.44331318664550784,0.43583931350708005,0.007473873138427789
validation,dropout020,1.0,41,total,position_mae_z,0.21714043045043946,0.211174711227417,0.00596571922302247
validation,dropout020,1.0,41,total,relative_configuration_accuracy,0.92,0.916,-0.0040000000000000036
validation,dropout020,1.0,41,total,relative_sign_accuracy,0.9620000076293945,0.9604000015258789,-0.0016000061035156277
validation,dropout020,1.0,42,structure,loss_global_sign,0.3474003520011902,0.36097677326202393,-0.013576421260833749
validation,dropout020,1.0,42,structure,loss_magnitude,0.07563333451747895,0.0736293676495552,0.0020039668679237427
validation,dropout020,1.0,42,structure,loss_position,0.43463032817840574,0.44064544582366943,-0.00601511764526369
validation,dropout020,1.0,42,structure,loss_relative_sign,0.06937953647971153,0.06577696168422699,0.0036025747954845366
validation,dropout020,1.0,42,structure,loss_structure,0.5796431913375855,0.5800517778396607,-0.0004085865020752033
validation,dropout020,1.0,42,structure,loss_total,0.9270435433387756,0.9410285511016846,-0.013985007762909007
validation,dropout020,1.0,42,structure,absolute_sign_accuracy,0.8734000015258789,0.8652000045776367,-0.00819999694824225
validation,dropout020,1.0,42,structure,absolute_sign_set_accuracy,0.833,0.828,-0.0050000000000000044
validation,dropout020,1.0,42,structure,charge_mae,0.29456460189819333,0.30125238418579103,-0.006687782287597699
validation,dropout020,1.0,42,structure,charge_magnitude_mae,0.15716864967346192,0.15393854141235352,0.0032301082611083942
validation,dropout020,1.0,42,structure,global_invariant_charge_mae,0.1912383861541748,0.1840909481048584,0.00714743804931639
validation,dropout020,1.0,42,structure,global_sign_accuracy,0.859,0.852,-0.007000000000000006
validation,dropout020,1.0,42,structure,global_sign_bce,0.3474003505706787,0.3609767723083496,-0.01357642173767093
validation,dropout020,1.0,42,structure,mean_position_3d_error,0.7264714584350586,0.7351368560791015,-0.00866539764404295
validation,dropout020,1.0,42,structure,mean_position_mae,0.3566276626586914,0.36099311447143556,-0.00436545181274417
validation,dropout020,1.0,42,structure,observations_per_sample,32.0,32.0,0.0
validation,dropout020,1.0,42,structure,observed_sample_fraction,1.0,1.0,0.0
validation,dropout020,1.0,42,structure,pairwise_relative_sign_accuracy,0.951999984741211,0.9570000152587891,0.005000030517578136
validation,dropout020,1.0,42,structure,position_mae_x,0.44601437759399415,0.44702748489379884,-0.0010131072998046942
validation,dropout020,1.0,42,structure,position_mae_y,0.40965293502807615,0.4184217414855957,-0.00876880645751954
validation,dropout020,1.0,42,structure,position_mae_z,0.21421563529968263,0.21753009033203125,-0.0033144550323486177
validation,dropout020,1.0,42,structure,relative_configuration_accuracy,0.915,0.924,0.009000000000000008
validation,dropout020,1.0,42,structure,relative_sign_accuracy,0.9599999771118164,0.9644000015258789,0.004400024414062509
validation,dropout020,1.0,42,total,loss_global_sign,0.34011833810806275,0.34039738297462463,-0.0002790448665618839
validation,dropout020,1.0,42,total,loss_magnitude,0.07505424177646637,0.07325372123718261,0.0018005205392837564
validation,dropout020,1.0,42,total,loss_position,0.43654400897026063,0.44399619460105894,-0.0074521856307983025
validation,dropout020,1.0,42,total,loss_relative_sign,0.07212937426567077,0.06326324117183685,0.008866133093833925
validation,dropout020,1.0,42,total,loss_structure,0.5837276191711426,0.5805131635665893,0.0032144556045532457
validation,dropout020,1.0,42,total,loss_total,0.9238459572792053,0.920910546541214,0.0029354107379913064
validation,dropout020,1.0,42,total,absolute_sign_accuracy,0.8751999893188477,0.8737999954223633,-0.001399993896484375
validation,dropout020,1.0,42,total,absolute_sign_set_accuracy,0.833,0.837,0.0040000000000000036
validation,dropout020,1.0,42,total,charge_mae,0.29115667724609373,0.2917879409790039,-0.00063126373291017
validation,dropout020,1.0,42,total,charge_magnitude_mae,0.15675306129455566,0.15360665130615234,0.0031464099884033203
validation,dropout020,1.0,42,total,global_invariant_charge_mae,0.19218236541748046,0.18524544143676758,0.0069369239807128835
validation,dropout020,1.0,42,total,global_sign_accuracy,0.862,0.859,-0.0030000000000000027
validation,dropout020,1.0,42,total,global_sign_bce,0.34011833572387695,0.34039738273620607,-0.00027904701232911444
validation,dropout020,1.0,42,total,mean_position_3d_error,0.730455940246582,0.7354437713623047,-0.004987831115722652
validation,dropout020,1.0,42,total,mean_position_mae,0.35969870376586915,0.3611834945678711,-0.001484790802001923
validation,dropout020,1.0,42,total,observations_per_sample,32.0,32.0,0.0
validation,dropout020,1.0,42,total,observed_sample_fraction,1.0,1.0,0.0
validation,dropout020,1.0,42,total,pairwise_relative_sign_accuracy,0.9497999954223633,0.9542000045776368,0.004400009155273499
validation,dropout020,1.0,42,total,position_mae_x,0.44460320281982424,0.4487043418884277,-0.004101139068603488
validation,dropout020,1.0,42,total,position_mae_y,0.4166631011962891,0.4156841926574707,0.0009789085388183794
validation,dropout020,1.0,42,total,position_mae_z,0.21782973670959474,0.2191619129180908,-0.001332176208496072
validation,dropout020,1.0,42,total,relative_configuration_accuracy,0.911,0.919,0.008000000000000007
validation,dropout020,1.0,42,total,relative_sign_accuracy,0.957999984741211,0.9620000152587891,0.004000030517578135
validation,dropout020,1.0,43,structure,loss_global_sign,0.3399396142959595,0.3472182898521423,-0.007278675556182834
validation,dropout020,1.0,43,structure,loss_magnitude,0.07416595262289047,0.07240052253007889,0.0017654300928115763
validation,dropout020,1.0,43,structure,loss_position,0.4467496316432953,0.43720490407943724,0.009544727563858046
validation,dropout020,1.0,43,structure,loss_relative_sign,0.06532292664051056,0.05865199714899063,0.006670929491519935
validation,dropout020,1.0,43,structure,loss_structure,0.5862385225296021,0.568257426738739,0.017981095790863044
validation,dropout020,1.0,43,structure,loss_total,0.9261781368255615,0.9154757165908813,0.010702420234680154
validation,dropout020,1.0,43,structure,absolute_sign_accuracy,0.8748000030517578,0.8711999893188477,-0.003600013732910079
validation,dropout020,1.0,43,structure,absolute_sign_set_accuracy,0.837,0.836,-0.0010000000000000009
validation,dropout020,1.0,43,structure,charge_mae,0.2942585105895996,0.2937624092102051,0.0004961013793945424
validation,dropout020,1.0,43,structure,charge_magnitude_mae,0.15599177742004394,0.15269769668579103,0.0032940807342529133
validation,dropout020,1.0,43,structure,global_invariant_charge_mae,0.18817218017578125,0.18289797401428223,0.005274206161499012
validation,dropout020,1.0,43,structure,global_sign_accuracy,0.856,0.852,-0.0040000000000000036
validation,dropout020,1.0,43,structure,global_sign_bce,0.3399396133422852,0.3472182884216309,-0.007278675079345709
validation,dropout020,1.0,43,structure,mean_position_3d_error,0.7388299407958985,0.7286698608398438,0.010160079956054724
validation,dropout020,1.0,43,structure,mean_position_mae,0.36261681365966797,0.35775014877319333,0.0048666648864746365
validation,dropout020,1.0,43,structure,observations_per_sample,32.0,32.0,0.0
validation,dropout020,1.0,43,structure,observed_sample_fraction,1.0,1.0,0.0
validation,dropout020,1.0,43,structure,pairwise_relative_sign_accuracy,0.9537999877929687,0.9571999893188476,0.0034000015258789373
validation,dropout020,1.0,43,structure,position_mae_x,0.41879575729370117,0.4194169120788574,-0.0006211547851562305
validation,dropout020,1.0,43,structure,position_mae_y,0.4520760078430176,0.4377097015380859,0.014366306304931686
validation,dropout020,1.0,43,structure,position_mae_z,0.21697865676879882,0.21612377738952637,0.0008548793792724496
validation,dropout020,1.0,43,structure,relative_configuration_accuracy,0.918,0.924,0.006000000000000005
validation,dropout020,1.0,43,structure,relative_sign_accuracy,0.9612000045776368,0.9640000152587891,0.0028000106811523207
validation,dropout020,1.0,43,total,loss_global_sign,0.3399396142959595,0.34336164021492005,-0.0034220259189605695
validation,dropout020,1.0,43,total,loss_magnitude,0.07416595262289047,0.07422063767910003,-5.468505620956354e-05
validation,dropout020,1.0,43,total,loss_position,0.4467496316432953,0.4298353590965271,0.016914272546768194
validation,dropout020,1.0,43,total,loss_relative_sign,0.06532292664051056,0.06434509474039078,0.0009778319001197827
validation,dropout020,1.0,43,total,loss_structure,0.5862385225296021,0.5684010925292968,0.017837430000305243
validation,dropout020,1.0,43,total,loss_total,0.9261781368255615,0.9117627327442168,0.014415404081344674
validation,dropout020,1.0,43,total,absolute_sign_accuracy,0.8748000030517578,0.869,-0.005800003051757763
validation,dropout020,1.0,43,total,absolute_sign_set_accuracy,0.837,0.83,-0.007000000000000006
validation,dropout020,1.0,43,total,charge_mae,0.2942585105895996,0.2986164093017578,-0.0043578987121581925
validation,dropout020,1.0,43,total,charge_magnitude_mae,0.15599177742004394,0.15497970008850098,0.0010120773315429599
validation,dropout020,1.0,43,total,global_invariant_charge_mae,0.18817218017578125,0.18759387969970703,0.0005783004760742116
validation,dropout020,1.0,43,total,global_sign_accuracy,0.856,0.851,-0.0050000000000000044
validation,dropout020,1.0,43,total,global_sign_bce,0.3399396133422852,0.3433616371154785,-0.003422023773193339
validation,dropout020,1.0,43,total,mean_position_3d_error,0.7388299407958985,0.7205529708862305,0.018276969909667984
validation,dropout020,1.0,43,total,mean_position_mae,0.36261681365966797,0.35362345504760745,0.00899335861206052
validation,dropout020,1.0,43,total,observations_per_sample,32.0,32.0,0.0
validation,dropout020,1.0,43,total,observed_sample_fraction,1.0,1.0,0.0
validation,dropout020,1.0,43,total,pairwise_relative_sign_accuracy,0.9537999877929687,0.9541999816894531,0.0003999938964843741
validation,dropout020,1.0,43,total,position_mae_x,0.41879575729370117,0.4150352363586426,0.0037605209350585755
validation,dropout020,1.0,43,total,position_mae_y,0.4520760078430176,0.4324679870605469,0.019608020782470703
validation,dropout020,1.0,43,total,position_mae_z,0.21697865676879882,0.21336710166931153,0.003611555099487296
validation,dropout020,1.0,43,total,relative_configuration_accuracy,0.918,0.919,0.0010000000000000009
validation,dropout020,1.0,43,total,relative_sign_accuracy,0.9612000045776368,0.9619999923706055,0.0007999877929687482
historical_test,baseline,1.0,41,total,loss_global_sign,0.3403714168071747,0.3399958393573761,0.0003755774497986031
historical_test,baseline,1.0,41,total,loss_magnitude,0.07429774576425552,0.07431027507781983,-1.252931356431064e-05
historical_test,baseline,1.0,41,total,loss_position,0.44176836013793946,0.46422379755973814,-0.022455437421798674
historical_test,baseline,1.0,41,total,loss_relative_sign,0.05989198535680771,0.06756536173820496,-0.00767337638139725
historical_test,baseline,1.0,41,total,loss_structure,0.5759580855369568,0.6060994329452515,-0.03014134740829466
historical_test,baseline,1.0,41,total,loss_total,0.9163295023441316,0.9460952723026276,-0.029765769958496002
historical_test,baseline,1.0,41,total,absolute_sign_accuracy,0.8828000030517578,0.8800000076293946,-0.0027999954223631995
historical_test,baseline,1.0,41,total,absolute_sign_set_accuracy,0.844,0.836,-0.008000000000000007
historical_test,baseline,1.0,41,total,charge_mae,0.28409596824645994,0.289014705657959,-0.004918737411499063
historical_test,baseline,1.0,41,total,charge_magnitude_mae,0.15552479934692381,0.1549491500854492,0.0005756492614746034
historical_test,baseline,1.0,41,total,global_invariant_charge_mae,0.19086493301391602,0.19488438606262207,-0.004019453048706045
historical_test,baseline,1.0,41,total,global_sign_accuracy,0.864,0.866,0.0020000000000000018
historical_test,baseline,1.0,41,total,global_sign_bce,0.3403714141845703,0.3399958381652832,0.0003755760192870605
historical_test,baseline,1.0,41,total,mean_position_3d_error,0.7332394638061523,0.7555088500976562,-0.02226938629150388
historical_test,baseline,1.0,41,total,mean_position_mae,0.35994944763183595,0.37058311462402344,-0.010633666992187485
historical_test,baseline,1.0,41,total,observations_per_sample,32.0,32.0,0.0
historical_test,baseline,1.0,41,total,observed_sample_fraction,1.0,1.0,0.0
historical_test,baseline,1.0,41,total,pairwise_relative_sign_accuracy,0.9505999984741211,0.9458000183105468,-0.004799980163574302
historical_test,baseline,1.0,41,total,position_mae_x,0.44510157012939455,0.4664375076293945,-0.021335937499999957
historical_test,baseline,1.0,41,total,position_mae_y,0.41491066360473633,0.4214212532043457,-0.006510589599609373
historical_test,baseline,1.0,41,total,position_mae_z,0.2198360366821289,0.22389054489135743,-0.004054508209228536
historical_test,baseline,1.0,41,total,relative_configuration_accuracy,0.915,0.906,-0.009000000000000008
historical_test,baseline,1.0,41,total,relative_sign_accuracy,0.9627999954223633,0.9579999923706055,-0.004800003051757762
historical_test,baseline,1.0,41,structure,loss_global_sign,0.3403714168071747,0.3399958393573761,0.0003755774497986031
historical_test,baseline,1.0,41,structure,loss_magnitude,0.07429774576425552,0.07431027507781983,-1.252931356431064e-05
historical_test,baseline,1.0,41,structure,loss_position,0.44176836013793946,0.46422379755973814,-0.022455437421798674
historical_test,baseline,1.0,41,structure,loss_relative_sign,0.05989198535680771,0.06756536173820496,-0.00767337638139725
historical_test,baseline,1.0,41,structure,loss_structure,0.5759580855369568,0.6060994329452515,-0.03014134740829466
historical_test,baseline,1.0,41,structure,loss_total,0.9163295023441316,0.9460952723026276,-0.029765769958496002
historical_test,baseline,1.0,41,structure,absolute_sign_accuracy,0.8828000030517578,0.8800000076293946,-0.0027999954223631995
historical_test,baseline,1.0,41,structure,absolute_sign_set_accuracy,0.844,0.836,-0.008000000000000007
historical_test,baseline,1.0,41,structure,charge_mae,0.28409596824645994,0.289014705657959,-0.004918737411499063
historical_test,baseline,1.0,41,structure,charge_magnitude_mae,0.15552479934692381,0.1549491500854492,0.0005756492614746034
historical_test,baseline,1.0,41,structure,global_invariant_charge_mae,0.19086493301391602,0.19488438606262207,-0.004019453048706045
historical_test,baseline,1.0,41,structure,global_sign_accuracy,0.864,0.866,0.0020000000000000018
historical_test,baseline,1.0,41,structure,global_sign_bce,0.3403714141845703,0.3399958381652832,0.0003755760192870605
historical_test,baseline,1.0,41,structure,mean_position_3d_error,0.7332394638061523,0.7555088500976562,-0.02226938629150388
historical_test,baseline,1.0,41,structure,mean_position_mae,0.35994944763183595,0.37058311462402344,-0.010633666992187485
historical_test,baseline,1.0,41,structure,observations_per_sample,32.0,32.0,0.0
historical_test,baseline,1.0,41,structure,observed_sample_fraction,1.0,1.0,0.0
historical_test,baseline,1.0,41,structure,pairwise_relative_sign_accuracy,0.9505999984741211,0.9458000183105468,-0.004799980163574302
historical_test,baseline,1.0,41,structure,position_mae_x,0.44510157012939455,0.4664375076293945,-0.021335937499999957
historical_test,baseline,1.0,41,structure,position_mae_y,0.41491066360473633,0.4214212532043457,-0.006510589599609373
historical_test,baseline,1.0,41,structure,position_mae_z,0.2198360366821289,0.22389054489135743,-0.004054508209228536
historical_test,baseline,1.0,41,structure,relative_configuration_accuracy,0.915,0.906,-0.009000000000000008
historical_test,baseline,1.0,41,structure,relative_sign_accuracy,0.9627999954223633,0.9579999923706055,-0.004800003051757762
historical_test,baseline,1.0,42,total,loss_global_sign,0.33878354787826537,0.3318613564968109,0.006922191381454446
historical_test,baseline,1.0,42,total,loss_magnitude,0.0758011565208435,0.07494938063621522,0.0008517758846282864
historical_test,baseline,1.0,42,total,loss_position,0.45851355814933775,0.4600200684070587,-0.0015065102577209721
historical_test,baseline,1.0,42,total,loss_relative_sign,0.06623901152610778,0.062413402259349826,0.0038256092667579567
historical_test,baseline,1.0,42,total,loss_structure,0.6005537233352661,0.5973828482627869,0.0031708750724792623
historical_test,baseline,1.0,42,total,loss_total,0.9393372712135315,0.9292442047595978,0.010093066453933708
historical_test,baseline,1.0,42,total,absolute_sign_accuracy,0.8763999938964844,0.8883999862670898,0.01199999237060545
historical_test,baseline,1.0,42,total,absolute_sign_set_accuracy,0.833,0.847,0.014000000000000012
historical_test,baseline,1.0,42,total,charge_mae,0.29333979988098147,0.2782179946899414,0.01512180519104006
historical_test,baseline,1.0,42,total,charge_magnitude_mae,0.15732487487792968,0.15636749076843262,0.0009573841094970559
historical_test,baseline,1.0,42,total,global_invariant_charge_mae,0.19613363456726074,0.19338960456848145,0.0027440299987792904
historical_test,baseline,1.0,42,total,global_sign_accuracy,0.866,0.872,0.006000000000000005
historical_test,baseline,1.0,42,total,global_sign_bce,0.3387835464477539,0.3318613548278809,0.006922191619873008
historical_test,baseline,1.0,42,total,mean_position_3d_error,0.7517706298828125,0.760429084777832,-0.008658454895019485
historical_test,baseline,1.0,42,total,mean_position_mae,0.36831979751586913,0.3715419578552246,-0.003222160339355462
historical_test,baseline,1.0,42,total,observations_per_sample,32.0,32.0,0.0
historical_test,baseline,1.0,42,total,observed_sample_fraction,1.0,1.0,0.0
historical_test,baseline,1.0,42,total,pairwise_relative_sign_accuracy,0.9463999938964843,0.9489999923706055,0.002599998474121179
historical_test,baseline,1.0,42,total,position_mae_x,0.4517477340698242,0.4555609970092773,-0.0038132629394531103
historical_test,baseline,1.0,42,total,position_mae_y,0.43304110717773436,0.43683766555786135,-0.003796558380126991
historical_test,baseline,1.0,42,total,position_mae_z,0.22017048645019532,0.22222717666625977,-0.002056690216064444
historical_test,baseline,1.0,42,total,relative_configuration_accuracy,0.907,0.911,0.0040000000000000036
historical_test,baseline,1.0,42,total,relative_sign_accuracy,0.9584000015258789,0.9596000061035156,0.001200004577636693
historical_test,baseline,1.0,42,structure,loss_global_sign,0.33878354787826537,0.33375518798828124,0.005028359889984124
historical_test,baseline,1.0,42,structure,loss_magnitude,0.0758011565208435,0.07526282346248626,0.0005383330583572377
historical_test,baseline,1.0,42,structure,loss_position,0.45851355814933775,0.4590539193153381,-0.0005403611660003693
historical_test,baseline,1.0,42,structure,loss_relative_sign,0.06623901152610778,0.06417962455749512,0.0020593869686126587
historical_test,baseline,1.0,42,structure,loss_structure,0.6005537233352661,0.598496356010437,0.0020573673248290847
historical_test,baseline,1.0,42,structure,loss_total,0.9393372712135315,0.9322515439987182,0.007085727214813264
historical_test,baseline,1.0,42,structure,absolute_sign_accuracy,0.8763999938964844,0.8813999938964844,0.0050000000000000044
historical_test,baseline,1.0,42,structure,absolute_sign_set_accuracy,0.833,0.839,0.006000000000000005
historical_test,baseline,1.0,42,structure,charge_mae,0.29333979988098147,0.28871161842346194,0.004628181457519531
historical_test,baseline,1.0,42,structure,charge_magnitude_mae,0.15732487487792968,0.1565577049255371,0.0007671699523925657
historical_test,baseline,1.0,42,structure,global_invariant_charge_mae,0.19613363456726074,0.1938857307434082,0.0022479038238525373
historical_test,baseline,1.0,42,structure,global_sign_accuracy,0.866,0.867,0.0010000000000000009
historical_test,baseline,1.0,42,structure,global_sign_bce,0.3387835464477539,0.33375518798828124,0.005028358459472637
historical_test,baseline,1.0,42,structure,mean_position_3d_error,0.7517706298828125,0.7540559539794922,-0.0022853240966796973
historical_test,baseline,1.0,42,structure,mean_position_mae,0.36831979751586913,0.3691146354675293,-0.0007948379516601878
historical_test,baseline,1.0,42,structure,observations_per_sample,32.0,32.0,0.0
historical_test,baseline,1.0,42,structure,observed_sample_fraction,1.0,1.0,0.0
historical_test,baseline,1.0,42,structure,pairwise_relative_sign_accuracy,0.9463999938964843,0.948,0.0016000061035156277
historical_test,baseline,1.0,42,structure,position_mae_x,0.4517477340698242,0.45420791244506836,-0.0024601783752441486
historical_test,baseline,1.0,42,structure,position_mae_y,0.43304110717773436,0.42854779052734376,0.0044933166503906
historical_test,baseline,1.0,42,structure,position_mae_z,0.22017048645019532,0.2245881633758545,-0.00441767692565917
historical_test,baseline,1.0,42,structure,relative_configuration_accuracy,0.907,0.909,0.0020000000000000018
historical_test,baseline,1.0,42,structure,relative_sign_accuracy,0.9584000015258789,0.9583999938964843,-7.629394560559888e-09
historical_test,baseline,1.0,43,total,loss_global_sign,0.3327855744361877,0.33755207228660583,-0.0047664978504181055
historical_test,baseline,1.0,43,total,loss_magnitude,0.07496042329072952,0.07392073720693589,0.0010396860837936367
historical_test,baseline,1.0,43,total,loss_position,0.4672041249275207,0.4650545654296875,0.002149559497833242
historical_test,baseline,1.0,43,total,loss_relative_sign,0.06192235726118088,0.05575518196821213,0.00616717529296875
historical_test,baseline,1.0,43,total,loss_structure,0.6040869073867798,0.5947304954528808,0.009356411933899023
historical_test,baseline,1.0,43,total,loss_total,0.9368724818229676,0.9322825677394866,0.004589914083480973
historical_test,baseline,1.0,43,total,absolute_sign_accuracy,0.884,0.8865999908447265,0.0025999908447265074
historical_test,baseline,1.0,43,total,absolute_sign_set_accuracy,0.839,0.847,0.008000000000000007
historical_test,baseline,1.0,43,total,charge_mae,0.2850385208129883,0.28111249923706055,0.003926021575927752
historical_test,baseline,1.0,43,total,charge_magnitude_mae,0.15729571151733399,0.15522413253784179,0.0020715789794922
historical_test,baseline,1.0,43,total,global_invariant_charge_mae,0.19651896095275878,0.191847806930542,0.004671154022216795
historical_test,baseline,1.0,43,total,global_sign_accuracy,0.866,0.871,0.0050000000000000044
historical_test,baseline,1.0,43,total,global_sign_bce,0.33278557205200193,0.3375520706176758,-0.004766498565673849
historical_test,baseline,1.0,43,total,mean_position_3d_error,0.7612407989501954,0.7601190719604493,0.001121726989746108
historical_test,baseline,1.0,43,total,mean_position_mae,0.3724546585083008,0.372212516784668,0.00024214172363279385
historical_test,baseline,1.0,43,total,observations_per_sample,32.0,32.0,0.0
historical_test,baseline,1.0,43,total,observed_sample_fraction,1.0,1.0,0.0
historical_test,baseline,1.0,43,total,pairwise_relative_sign_accuracy,0.947,0.9497999877929687,0.00279998779296875
historical_test,baseline,1.0,43,total,position_mae_x,0.44508779525756836,0.4454463806152344,-0.0003585853576660303
historical_test,baseline,1.0,43,total,position_mae_y,0.45263937377929686,0.45045344924926756,0.002185924530029304
historical_test,baseline,1.0,43,total,position_mae_z,0.2196367588043213,0.22073767471313477,-0.0011009159088134768
historical_test,baseline,1.0,43,total,relative_configuration_accuracy,0.908,0.913,0.0050000000000000044
historical_test,baseline,1.0,43,total,relative_sign_accuracy,0.9587999954223633,0.9612000122070312,0.0024000167846679465
historical_test,baseline,1.0,43,structure,loss_global_sign,0.3338039131164551,0.33755207228660583,-0.0037481591701507555
historical_test,baseline,1.0,43,structure,loss_magnitude,0.07492814236879348,0.07392073720693589,0.0010074051618575997
historical_test,baseline,1.0,43,structure,loss_position,0.467786199092865,0.4650545654296875,0.002731633663177524
historical_test,baseline,1.0,43,structure,loss_relative_sign,0.0642776934504509,0.05575518196821213,0.008522511482238766
historical_test,baseline,1.0,43,structure,loss_structure,0.6069920387268066,0.5947304954528808,0.012261543273925812
historical_test,baseline,1.0,43,structure,loss_total,0.9407959518432617,0.9322825677394866,0.008513384103775112
historical_test,baseline,1.0,43,structure,absolute_sign_accuracy,0.8811999969482421,0.8865999908447265,0.0053999938964843786
historical_test,baseline,1.0,43,structure,absolute_sign_set_accuracy,0.838,0.847,0.009000000000000008
historical_test,baseline,1.0,43,structure,charge_mae,0.28867908477783205,0.28111249923706055,0.007566585540771498
historical_test,baseline,1.0,43,structure,charge_magnitude_mae,0.1570893669128418,0.15522413253784179,0.0018652343750000244
historical_test,baseline,1.0,43,structure,global_invariant_charge_mae,0.19558839035034178,0.191847806930542,0.003740583419799798
historical_test,baseline,1.0,43,structure,global_sign_accuracy,0.87,0.871,0.0010000000000000009
historical_test,baseline,1.0,43,structure,global_sign_bce,0.3338039131164551,0.3375520706176758,-0.003748157501220706
historical_test,baseline,1.0,43,structure,mean_position_3d_error,0.7620003356933593,0.7601190719604493,0.0018812637329100879
historical_test,baseline,1.0,43,structure,mean_position_mae,0.37336326217651367,0.372212516784668,0.0011507453918456756
historical_test,baseline,1.0,43,structure,observations_per_sample,32.0,32.0,0.0
historical_test,baseline,1.0,43,structure,observed_sample_fraction,1.0,1.0,0.0
historical_test,baseline,1.0,43,structure,pairwise_relative_sign_accuracy,0.9484000015258789,0.9497999877929687,0.0013999862670898144
historical_test,baseline,1.0,43,structure,position_mae_x,0.4467130699157715,0.4454463806152344,0.0012666893005370827
historical_test,baseline,1.0,43,structure,position_mae_y,0.4529564208984375,0.45045344924926756,0.0025029716491699605
historical_test,baseline,1.0,43,structure,position_mae_z,0.2204202365875244,0.22073767471313477,-0.00031743812561035867
historical_test,baseline,1.0,43,structure,relative_configuration_accuracy,0.91,0.913,0.0030000000000000027
historical_test,baseline,1.0,43,structure,relative_sign_accuracy,0.9592000045776368,0.9612000122070312,0.0020000076293944513
historical_test,dropout020,1.0,41,total,loss_global_sign,0.34097343277931214,0.33516151309013364,0.005811919689178491
historical_test,dropout020,1.0,41,total,loss_magnitude,0.07563147950172425,0.07624903148412704,-0.000617551982402792
historical_test,dropout020,1.0,41,total,loss_position,0.43973522782325747,0.4312351403236389,0.008500087499618558
historical_test,dropout020,1.0,41,total,loss_relative_sign,0.06728000766038894,0.07108188998699189,-0.0038018823266029456
historical_test,dropout020,1.0,41,total,loss_structure,0.5826467046737671,0.5785660729408264,0.004080631732940709
historical_test,dropout020,1.0,41,total,loss_total,0.9236201374530792,0.91372758603096,0.0098925514221192
historical_test,dropout020,1.0,41,total,absolute_sign_accuracy,0.8845999908447265,0.8748000259399414,-0.009799964904785075
historical_test,dropout020,1.0,41,total,absolute_sign_set_accuracy,0.845,0.833,-0.01200000000000001
historical_test,dropout020,1.0,41,total,charge_mae,0.2850603542327881,0.2956295738220215,-0.010569219589233403
historical_test,dropout020,1.0,41,total,charge_magnitude_mae,0.15801284980773925,0.157202787399292,0.0008100624084472485
historical_test,dropout020,1.0,41,total,global_invariant_charge_mae,0.1924360237121582,0.19536303901672364,-0.0029270153045654335
historical_test,dropout020,1.0,41,total,global_sign_accuracy,0.865,0.87,0.0050000000000000044
historical_test,dropout020,1.0,41,total,global_sign_bce,0.3409734306335449,0.3351615104675293,0.005811920166015616
historical_test,dropout020,1.0,41,total,mean_position_3d_error,0.7316809158325195,0.7187159271240234,0.01296498870849605
historical_test,dropout020,1.0,41,total,mean_position_mae,0.3589079093933105,0.3519064750671387,0.00700143432617184
historical_test,dropout020,1.0,41,total,observations_per_sample,32.0,32.0,0.0
historical_test,dropout020,1.0,41,total,observed_sample_fraction,1.0,1.0,0.0
historical_test,dropout020,1.0,41,total,pairwise_relative_sign_accuracy,0.9513999938964843,0.9483999938964843,-0.0030000000000000027
historical_test,dropout020,1.0,41,total,position_mae_x,0.4285323486328125,0.4206430587768555,0.007889289855956994
historical_test,dropout020,1.0,41,total,position_mae_y,0.43243793106079104,0.4236053352355957,0.008832595825195355
historical_test,dropout020,1.0,41,total,position_mae_z,0.21575339317321776,0.21147098922729493,0.00428240394592283
historical_test,dropout020,1.0,41,total,relative_configuration_accuracy,0.915,0.91,-0.0050000000000000044
historical_test,dropout020,1.0,41,total,relative_sign_accuracy,0.9611999969482422,0.9592000122070312,-0.0019999847412109917
historical_test,dropout020,1.0,41,structure,loss_global_sign,0.34097343277931214,0.3503822305202484,-0.009408797740936281
historical_test,dropout020,1.0,41,structure,loss_magnitude,0.07563147950172425,0.07532184648513794,0.0003096330165863054
historical_test,dropout020,1.0,41,structure,loss_position,0.43973522782325747,0.4282209801673889,0.01151424765586856
historical_test,dropout020,1.0,41,structure,loss_relative_sign,0.06728000766038894,0.07142351132631301,-0.004143503665924073
historical_test,dropout020,1.0,41,structure,loss_structure,0.5826467046737671,0.5749663295745849,0.0076803750991821795
historical_test,dropout020,1.0,41,structure,loss_total,0.9236201374530792,0.9253485600948334,-0.0017284226417541015
historical_test,dropout020,1.0,41,structure,absolute_sign_accuracy,0.8845999908447265,0.8749999923706054,-0.009599998474121074
historical_test,dropout020,1.0,41,structure,absolute_sign_set_accuracy,0.845,0.831,-0.014000000000000012
historical_test,dropout020,1.0,41,structure,charge_mae,0.2850603542327881,0.2956435890197754,-0.010583234786987306
historical_test,dropout020,1.0,41,structure,charge_magnitude_mae,0.15801284980773925,0.1568609619140625,0.001151887893676734
historical_test,dropout020,1.0,41,structure,global_invariant_charge_mae,0.1924360237121582,0.19639835357666016,-0.003962329864501957
historical_test,dropout020,1.0,41,structure,global_sign_accuracy,0.865,0.861,-0.0040000000000000036
historical_test,dropout020,1.0,41,structure,global_sign_bce,0.3409734306335449,0.35038222885131837,-0.009408798217773462
historical_test,dropout020,1.0,41,structure,mean_position_3d_error,0.7316809158325195,0.7121461105346679,0.019534805297851565
historical_test,dropout020,1.0,41,structure,mean_position_mae,0.3589079093933105,0.34878254318237306,0.010125366210937459
historical_test,dropout020,1.0,41,structure,observations_per_sample,32.0,32.0,0.0
historical_test,dropout020,1.0,41,structure,observed_sample_fraction,1.0,1.0,0.0
historical_test,dropout020,1.0,41,structure,pairwise_relative_sign_accuracy,0.9513999938964843,0.9462000198364258,-0.005199974060058565
historical_test,dropout020,1.0,41,structure,position_mae_x,0.4285323486328125,0.4217759475708008,0.0067564010620116965
historical_test,dropout020,1.0,41,structure,position_mae_y,0.43243793106079104,0.4128770408630371,0.019560890197753922
historical_test,dropout020,1.0,41,structure,position_mae_z,0.21575339317321776,0.21169460105895996,0.004058792114257803
historical_test,dropout020,1.0,41,structure,relative_configuration_accuracy,0.915,0.906,-0.009000000000000008
historical_test,dropout020,1.0,41,structure,relative_sign_accuracy,0.9611999969482422,0.9571999969482422,-0.0040000000000000036
historical_test,dropout020,1.0,42,total,loss_global_sign,0.33176244258880616,0.33175999522209165,2.4473667145086253e-06
historical_test,dropout020,1.0,42,total,loss_magnitude,0.07638667511940002,0.07446896660327912,0.0019177085161209
historical_test,dropout020,1.0,42,total,loss_position,0.42701458621025085,0.43358691334724425,-0.0065723271369934055
historical_test,dropout020,1.0,42,total,loss_relative_sign,0.07773763567209244,0.06815358120203018,0.009584054470062262
historical_test,dropout020,1.0,42,total,loss_structure,0.5811388916969299,0.5762094707489014,0.004929420948028507
historical_test,dropout020,1.0,42,total,loss_total,0.912901334285736,0.907969465970993,0.004931868314743015
historical_test,dropout020,1.0,42,total,absolute_sign_accuracy,0.8832000045776367,0.8892000045776367,0.006000000000000005
historical_test,dropout020,1.0,42,total,absolute_sign_set_accuracy,0.841,0.844,0.0030000000000000027
historical_test,dropout020,1.0,42,total,charge_mae,0.28683325576782226,0.2759935073852539,0.010839748382568348
historical_test,dropout020,1.0,42,total,charge_magnitude_mae,0.15898451232910157,0.15529492950439452,0.0036895828247070495
historical_test,dropout020,1.0,42,total,global_invariant_charge_mae,0.19844058418273927,0.19443883514404298,0.004001749038696295
historical_test,dropout020,1.0,42,total,global_sign_accuracy,0.868,0.874,0.006000000000000005
historical_test,dropout020,1.0,42,total,global_sign_bce,0.3317624397277832,0.33175999450683596,2.4452209472225483e-06
historical_test,dropout020,1.0,42,total,mean_position_3d_error,0.7244293975830078,0.724871826171875,-0.00044242858886711645
historical_test,dropout020,1.0,42,total,mean_position_mae,0.3559757423400879,0.35582388305664064,0.0001518592834472421
historical_test,dropout020,1.0,42,total,observations_per_sample,32.0,32.0,0.0
historical_test,dropout020,1.0,42,total,observed_sample_fraction,1.0,1.0,0.0
historical_test,dropout020,1.0,42,total,pairwise_relative_sign_accuracy,0.9459999923706055,0.9448000030517578,-0.001199989318847683
historical_test,dropout020,1.0,42,total,position_mae_x,0.44803725814819334,0.4466941719055176,0.0013430862426757617
historical_test,dropout020,1.0,42,total,position_mae_y,0.4037366065979004,0.4022052116394043,0.0015313949584960795
historical_test,dropout020,1.0,42,total,position_mae_z,0.21615335273742675,0.21857222366333007,-0.002418870925903316
historical_test,dropout020,1.0,42,total,relative_configuration_accuracy,0.906,0.904,-0.0020000000000000018
historical_test,dropout020,1.0,42,total,relative_sign_accuracy,0.9575999984741211,0.9567999954223633,-0.0008000030517578693
historical_test,dropout020,1.0,42,structure,loss_global_sign,0.33265522265434266,0.3643709354400635,-0.03171571278572083
historical_test,dropout020,1.0,42,structure,loss_magnitude,0.07606912636756898,0.07417532390356064,0.0018938024640083317
historical_test,dropout020,1.0,42,structure,loss_position,0.43046209478378294,0.43019547080993653,0.0002666239738464138
historical_test,dropout020,1.0,42,structure,loss_relative_sign,0.07570811831951141,0.0721413083076477,0.003566810011863708
historical_test,dropout020,1.0,42,structure,loss_structure,0.5822393550872803,0.5765120940208435,0.0057272610664368395
historical_test,dropout020,1.0,42,structure,loss_total,0.914894577741623,0.940883029460907,-0.02598845171928399
historical_test,dropout020,1.0,42,structure,absolute_sign_accuracy,0.8837999801635742,0.8687999725341797,-0.015000007629394463
historical_test,dropout020,1.0,42,structure,absolute_sign_set_accuracy,0.845,0.824,-0.02100000000000002
historical_test,dropout020,1.0,42,structure,charge_mae,0.2847536315917969,0.2999155387878418,-0.015161907196044877
historical_test,dropout020,1.0,42,structure,charge_magnitude_mae,0.15817335891723633,0.15472347831726074,0.0034498805999755855
historical_test,dropout020,1.0,42,structure,global_invariant_charge_mae,0.19465887260437012,0.19346653175354003,0.001192340850830087
historical_test,dropout020,1.0,42,structure,global_sign_accuracy,0.871,0.852,-0.019000000000000017
historical_test,dropout020,1.0,42,structure,global_sign_bce,0.3326552200317383,0.3643709335327148,-0.03171571350097652
historical_test,dropout020,1.0,42,structure,mean_position_3d_error,0.7222858200073242,0.7218293838500977,0.0004564361572265696
historical_test,dropout020,1.0,42,structure,mean_position_mae,0.3543983383178711,0.35493519592285155,-0.0005368576049804563
historical_test,dropout020,1.0,42,structure,observations_per_sample,32.0,32.0,0.0
historical_test,dropout020,1.0,42,structure,observed_sample_fraction,1.0,1.0,0.0
historical_test,dropout020,1.0,42,structure,pairwise_relative_sign_accuracy,0.9499999923706055,0.9451999969482422,-0.004799995422363312
historical_test,dropout020,1.0,42,structure,position_mae_x,0.4500562286376953,0.44246430206298826,0.007591926574707031
historical_test,dropout020,1.0,42,structure,position_mae_y,0.3978508834838867,0.40257964324951173,-0.004728759765625035
historical_test,dropout020,1.0,42,structure,position_mae_z,0.21528786659240723,0.21976162910461425,-0.004473762512207019
historical_test,dropout020,1.0,42,structure,relative_configuration_accuracy,0.913,0.904,-0.009000000000000008
historical_test,dropout020,1.0,42,structure,relative_sign_accuracy,0.9607999877929687,0.9559999923706055,-0.004799995422363201
historical_test,dropout020,1.0,43,total,loss_global_sign,0.3373797159194946,0.33402287673950193,0.0033568391799926878
historical_test,dropout020,1.0,43,total,loss_magnitude,0.07512842547893524,0.07485001534223557,0.0002784101366996722
historical_test,dropout020,1.0,43,total,loss_position,0.4491393730640411,0.43351701378822327,0.015622359275817843
historical_test,dropout020,1.0,43,total,loss_relative_sign,0.0659698714017868,0.06732078623771667,-0.0013509148359298756
historical_test,dropout020,1.0,43,total,loss_structure,0.5902376646995544,0.5756878156661988,0.014549849033355655
historical_test,dropout020,1.0,43,total,loss_total,0.9276173806190491,0.9097106924057007,0.0179066882133484
historical_test,dropout020,1.0,43,total,absolute_sign_accuracy,0.8867999954223633,0.8857999877929688,-0.0010000076293945614
historical_test,dropout020,1.0,43,total,absolute_sign_set_accuracy,0.843,0.843,0.0
historical_test,dropout020,1.0,43,total,charge_mae,0.2821638355255127,0.2825449447631836,-0.00038110923767087357
historical_test,dropout020,1.0,43,total,charge_magnitude_mae,0.15760680961608886,0.15645592880249024,0.001150880813598626
historical_test,dropout020,1.0,43,total,global_invariant_charge_mae,0.1953124027252197,0.1955933036804199,-0.0002809009552001973
historical_test,dropout020,1.0,43,total,global_sign_accuracy,0.864,0.873,0.009000000000000008
historical_test,dropout020,1.0,43,total,global_sign_bce,0.3373797149658203,0.33402287673950193,0.0033568382263183816
historical_test,dropout020,1.0,43,total,mean_position_3d_error,0.7387033767700195,0.7193195877075196,0.019383789062499934
historical_test,dropout020,1.0,43,total,mean_position_mae,0.36202469253540037,0.35294017791748045,0.009084514617919925
historical_test,dropout020,1.0,43,total,observations_per_sample,32.0,32.0,0.0
historical_test,dropout020,1.0,43,total,observed_sample_fraction,1.0,1.0,0.0
historical_test,dropout020,1.0,43,total,pairwise_relative_sign_accuracy,0.9474000091552734,0.9472000045776368,-0.0002000045776366921
historical_test,dropout020,1.0,43,total,position_mae_x,0.42529668045043945,0.41915102005004884,0.006145660400390607
historical_test,dropout020,1.0,43,total,position_mae_y,0.4431039161682129,0.4233719444274902,0.019731971740722665
historical_test,dropout020,1.0,43,total,position_mae_z,0.21767344665527344,0.21629754638671875,0.0013759002685546917
historical_test,dropout020,1.0,43,total,relative_configuration_accuracy,0.908,0.908,0.0
historical_test,dropout020,1.0,43,total,relative_sign_accuracy,0.9579999923706055,0.9584000015258789,0.0004000091552733842
historical_test,dropout020,1.0,43,structure,loss_global_sign,0.3373797159194946,0.3310240385532379,0.006355677366256696
historical_test,dropout020,1.0,43,structure,loss_magnitude,0.07512842547893524,0.07439308857917785,0.0007353368997573828
historical_test,dropout020,1.0,43,structure,loss_position,0.4491393730640411,0.44271796131134034,0.006421411752700779
historical_test,dropout020,1.0,43,structure,loss_relative_sign,0.0659698714017868,0.06760298323631286,-0.001633111834526066
historical_test,dropout020,1.0,43,structure,loss_structure,0.5902376646995544,0.5847140398025513,0.005523624897003088
historical_test,dropout020,1.0,43,structure,loss_total,0.9276173806190491,0.9157380783557892,0.011879302263259839
historical_test,dropout020,1.0,43,structure,absolute_sign_accuracy,0.8867999954223633,0.8912000045776367,0.004400009155273388
historical_test,dropout020,1.0,43,structure,absolute_sign_set_accuracy,0.843,0.849,0.006000000000000005
historical_test,dropout020,1.0,43,structure,charge_mae,0.2821638355255127,0.2747307586669922,0.007433076858520515
historical_test,dropout020,1.0,43,structure,charge_magnitude_mae,0.15760680961608886,0.15616970825195312,0.0014371013641357455
historical_test,dropout020,1.0,43,structure,global_invariant_charge_mae,0.1953124027252197,0.1943161907196045,0.0009962120056152268
historical_test,dropout020,1.0,43,structure,global_sign_accuracy,0.864,0.878,0.014000000000000012
historical_test,dropout020,1.0,43,structure,global_sign_bce,0.3373797149658203,0.3310240364074707,0.00635567855834962
historical_test,dropout020,1.0,43,structure,mean_position_3d_error,0.7387033767700195,0.7292154006958008,0.009487976074218696
historical_test,dropout020,1.0,43,structure,mean_position_mae,0.36202469253540037,0.3581547241210937,0.003869968414306646
historical_test,dropout020,1.0,43,structure,observations_per_sample,32.0,32.0,0.0
historical_test,dropout020,1.0,43,structure,observed_sample_fraction,1.0,1.0,0.0
historical_test,dropout020,1.0,43,structure,pairwise_relative_sign_accuracy,0.9474000091552734,0.9482000122070312,0.0008000030517577583
historical_test,dropout020,1.0,43,structure,position_mae_x,0.42529668045043945,0.4255597343444824,-0.00026305389404296387
historical_test,dropout020,1.0,43,structure,position_mae_y,0.4431039161682129,0.4288927879333496,0.014211128234863257
historical_test,dropout020,1.0,43,structure,position_mae_z,0.21767344665527344,0.22001161384582518,-0.002338167190551743
historical_test,dropout020,1.0,43,structure,relative_configuration_accuracy,0.908,0.909,0.0010000000000000009
historical_test,dropout020,1.0,43,structure,relative_sign_accuracy,0.9579999923706055,0.9579999923706055,0.0
fresh_test,baseline,1.0,41,total,loss_global_sign,0.3048868899345398,0.3070427844524384,-0.0021558945178986044
fresh_test,baseline,1.0,41,total,loss_magnitude,0.07628770124912262,0.07591370183229447,0.0003739994168281552
fresh_test,baseline,1.0,41,total,loss_position,0.4361474463939667,0.4562274100780487,-0.02007996368408199
fresh_test,baseline,1.0,41,total,loss_relative_sign,0.057053090035915376,0.059518599927425385,-0.0024655098915100093
fresh_test,baseline,1.0,41,total,loss_structure,0.569488242149353,0.5916597146987915,-0.02217147254943852
fresh_test,baseline,1.0,41,total,loss_total,0.8743751320838928,0.8987024991512299,-0.02432736706733707
fresh_test,baseline,1.0,41,total,absolute_sign_accuracy,0.8879999923706055,0.8898000106811523,0.0018000183105468803
fresh_test,baseline,1.0,41,total,absolute_sign_set_accuracy,0.847,0.85,0.0030000000000000027
fresh_test,baseline,1.0,41,total,charge_mae,0.28114723014831544,0.2782428169250488,0.002904413223266622
fresh_test,baseline,1.0,41,total,charge_magnitude_mae,0.15822018241882324,0.15702243041992187,0.0011977519989013752
fresh_test,baseline,1.0,41,total,global_invariant_charge_mae,0.19468318367004395,0.19168396759033204,0.0029992160797119027
fresh_test,baseline,1.0,41,total,global_sign_accuracy,0.874,0.875,0.0010000000000000009
fresh_test,baseline,1.0,41,total,global_sign_bce,0.30488688850402834,0.30704278373718263,-0.0021558952331542924
fresh_test,baseline,1.0,41,total,mean_position_3d_error,0.7269600601196289,0.7517835083007812,-0.02482344818115234
fresh_test,baseline,1.0,41,total,mean_position_mae,0.35735532760620115,0.36888214111328127,-0.011526813507080125
fresh_test,baseline,1.0,41,total,observations_per_sample,32.0,32.0,0.0
fresh_test,baseline,1.0,41,total,observed_sample_fraction,1.0,1.0,0.0
fresh_test,baseline,1.0,41,total,pairwise_relative_sign_accuracy,0.9505999984741211,0.9534000091552735,0.0028000106811523207
fresh_test,baseline,1.0,41,total,position_mae_x,0.4421707992553711,0.4592032699584961,-0.01703247070312497
fresh_test,baseline,1.0,41,total,position_mae_y,0.40941867446899416,0.4253910598754883,-0.01597238540649415
fresh_test,baseline,1.0,41,total,position_mae_z,0.22047648239135742,0.22205206489562987,-0.0015755825042724492
fresh_test,baseline,1.0,41,total,relative_configuration_accuracy,0.914,0.918,0.0040000000000000036
fresh_test,baseline,1.0,41,total,relative_sign_accuracy,0.9612000045776368,0.962,0.0007999954223631978
fresh_test,baseline,1.0,41,structure,loss_global_sign,0.3048868899345398,0.3070427844524384,-0.0021558945178986044
fresh_test,baseline,1.0,41,structure,loss_magnitude,0.07628770124912262,0.07591370183229447,0.0003739994168281552
fresh_test,baseline,1.0,41,structure,loss_position,0.4361474463939667,0.4562274100780487,-0.02007996368408199
fresh_test,baseline,1.0,41,structure,loss_relative_sign,0.057053090035915376,0.059518599927425385,-0.0024655098915100093
fresh_test,baseline,1.0,41,structure,loss_structure,0.569488242149353,0.5916597146987915,-0.02217147254943852
fresh_test,baseline,1.0,41,structure,loss_total,0.8743751320838928,0.8987024991512299,-0.02432736706733707
fresh_test,baseline,1.0,41,structure,absolute_sign_accuracy,0.8879999923706055,0.8898000106811523,0.0018000183105468803
fresh_test,baseline,1.0,41,structure,absolute_sign_set_accuracy,0.847,0.85,0.0030000000000000027
fresh_test,baseline,1.0,41,structure,charge_mae,0.28114723014831544,0.2782428169250488,0.002904413223266622
fresh_test,baseline,1.0,41,structure,charge_magnitude_mae,0.15822018241882324,0.15702243041992187,0.0011977519989013752
fresh_test,baseline,1.0,41,structure,global_invariant_charge_mae,0.19468318367004395,0.19168396759033204,0.0029992160797119027
fresh_test,baseline,1.0,41,structure,global_sign_accuracy,0.874,0.875,0.0010000000000000009
fresh_test,baseline,1.0,41,structure,global_sign_bce,0.30488688850402834,0.30704278373718263,-0.0021558952331542924
fresh_test,baseline,1.0,41,structure,mean_position_3d_error,0.7269600601196289,0.7517835083007812,-0.02482344818115234
fresh_test,baseline,1.0,41,structure,mean_position_mae,0.35735532760620115,0.36888214111328127,-0.011526813507080125
fresh_test,baseline,1.0,41,structure,observations_per_sample,32.0,32.0,0.0
fresh_test,baseline,1.0,41,structure,observed_sample_fraction,1.0,1.0,0.0
fresh_test,baseline,1.0,41,structure,pairwise_relative_sign_accuracy,0.9505999984741211,0.9534000091552735,0.0028000106811523207
fresh_test,baseline,1.0,41,structure,position_mae_x,0.4421707992553711,0.4592032699584961,-0.01703247070312497
fresh_test,baseline,1.0,41,structure,position_mae_y,0.40941867446899416,0.4253910598754883,-0.01597238540649415
fresh_test,baseline,1.0,41,structure,position_mae_z,0.22047648239135742,0.22205206489562987,-0.0015755825042724492
fresh_test,baseline,1.0,41,structure,relative_configuration_accuracy,0.914,0.918,0.0040000000000000036
fresh_test,baseline,1.0,41,structure,relative_sign_accuracy,0.9612000045776368,0.962,0.0007999954223631978
fresh_test,baseline,1.0,42,total,loss_global_sign,0.3057376453876495,0.2996712038516998,0.006066441535949707
fresh_test,baseline,1.0,42,total,loss_magnitude,0.07767809921503067,0.07555958914756775,0.002118510067462928
fresh_test,baseline,1.0,42,total,loss_position,0.44992428183555605,0.4508442828655243,-0.0009200010299682537
fresh_test,baseline,1.0,42,total,loss_relative_sign,0.06769613718986511,0.06007899820804596,0.007617138981819156
fresh_test,baseline,1.0,42,total,loss_structure,0.595298526763916,0.5864828686714172,0.008815658092498846
fresh_test,baseline,1.0,42,total,loss_total,0.9010361721515656,0.886154072523117,0.014882099628448664
fresh_test,baseline,1.0,42,total,absolute_sign_accuracy,0.8841999969482421,0.8841999969482421,0.0
fresh_test,baseline,1.0,42,total,absolute_sign_set_accuracy,0.837,0.843,0.006000000000000005
fresh_test,baseline,1.0,42,total,charge_mae,0.28541246032714845,0.28306734848022463,0.0023451118469238197
fresh_test,baseline,1.0,42,total,charge_magnitude_mae,0.15939204788208008,0.15697823333740235,0.0024138145446777337
fresh_test,baseline,1.0,42,total,global_invariant_charge_mae,0.19693319129943848,0.1953579387664795,0.0015752525329589817
fresh_test,baseline,1.0,42,total,global_sign_accuracy,0.875,0.865,-0.010000000000000009
fresh_test,baseline,1.0,42,total,global_sign_bce,0.30573764419555666,0.29967120361328126,0.006066440582275401
fresh_test,baseline,1.0,42,total,mean_position_3d_error,0.7442288818359375,0.7513390197753906,-0.007110137939453143
fresh_test,baseline,1.0,42,total,mean_position_mae,0.36547361755371094,0.36819011306762695,-0.0027164955139160063
fresh_test,baseline,1.0,42,total,observations_per_sample,32.0,32.0,0.0
fresh_test,baseline,1.0,42,total,observed_sample_fraction,1.0,1.0,0.0
fresh_test,baseline,1.0,42,total,pairwise_relative_sign_accuracy,0.9481999969482422,0.9495999755859375,0.0013999786376952539
fresh_test,baseline,1.0,42,total,position_mae_x,0.4429687690734863,0.4491128921508789,-0.006144123077392594
fresh_test,baseline,1.0,42,total,position_mae_y,0.4310560569763184,0.434907112121582,-0.0038510551452636266
fresh_test,baseline,1.0,42,total,position_mae_z,0.2223959674835205,0.2205502758026123,0.0018456916809082013
fresh_test,baseline,1.0,42,total,relative_configuration_accuracy,0.908,0.912,0.0040000000000000036
fresh_test,baseline,1.0,42,total,relative_sign_accuracy,0.9564000015258789,0.9599999923706055,0.0035999908447266193
fresh_test,baseline,1.0,42,structure,loss_global_sign,0.3057376453876495,0.3049783692359924,0.0007592761516571067
fresh_test,baseline,1.0,42,structure,loss_magnitude,0.07767809921503067,0.0757417431473732,0.001936356067657477
fresh_test,baseline,1.0,42,structure,loss_position,0.44992428183555605,0.454008594751358,-0.004084312915801969
fresh_test,baseline,1.0,42,structure,loss_relative_sign,0.06769613718986511,0.06006174510717392,0.007634392082691191
fresh_test,baseline,1.0,42,structure,loss_structure,0.595298526763916,0.5898120703697205,0.005486456394195538
fresh_test,baseline,1.0,42,structure,loss_total,0.9010361721515656,0.8947904396057129,0.0062457325458527
fresh_test,baseline,1.0,42,structure,absolute_sign_accuracy,0.8841999969482421,0.888,0.003800003051757872
fresh_test,baseline,1.0,42,structure,absolute_sign_set_accuracy,0.837,0.847,0.010000000000000009
fresh_test,baseline,1.0,42,structure,charge_mae,0.28541246032714845,0.2819000186920166,0.003512441635131869
fresh_test,baseline,1.0,42,structure,charge_magnitude_mae,0.15939204788208008,0.15712895011901856,0.0022630977630615223
fresh_test,baseline,1.0,42,structure,global_invariant_charge_mae,0.19693319129943848,0.19347426414489746,0.0034589271545410194
fresh_test,baseline,1.0,42,structure,global_sign_accuracy,0.875,0.872,-0.0030000000000000027
fresh_test,baseline,1.0,42,structure,global_sign_bce,0.30573764419555666,0.3049783668518066,0.0007592773437500311
fresh_test,baseline,1.0,42,structure,mean_position_3d_error,0.7442288818359375,0.7480806961059571,-0.0038518142700195712
fresh_test,baseline,1.0,42,structure,mean_position_mae,0.36547361755371094,0.3678418159484863,-0.002368198394775367
fresh_test,baseline,1.0,42,structure,observations_per_sample,32.0,32.0,0.0
fresh_test,baseline,1.0,42,structure,observed_sample_fraction,1.0,1.0,0.0
fresh_test,baseline,1.0,42,structure,pairwise_relative_sign_accuracy,0.9481999969482422,0.9511999893188476,0.002999992370605442
fresh_test,baseline,1.0,42,structure,position_mae_x,0.4429687690734863,0.4504077911376953,-0.007439022064208989
fresh_test,baseline,1.0,42,structure,position_mae_y,0.4310560569763184,0.4286154556274414,0.0024406013488769696
fresh_test,baseline,1.0,42,structure,position_mae_z,0.2223959674835205,0.22450217056274413,-0.0021062030792236286
fresh_test,baseline,1.0,42,structure,relative_configuration_accuracy,0.908,0.913,0.0050000000000000044
fresh_test,baseline,1.0,42,structure,relative_sign_accuracy,0.9564000015258789,0.9584000091552735,0.0020000076293945623
fresh_test,baseline,1.0,43,total,loss_global_sign,0.3085715546607971,0.30961715936660766,-0.0010456047058105544
fresh_test,baseline,1.0,43,total,loss_magnitude,0.07569061988592148,0.07520692700147628,0.00048369288444519154
fresh_test,baseline,1.0,43,total,loss_position,0.4580920021533966,0.4670867626667023,-0.008994760513305666
fresh_test,baseline,1.0,43,total,loss_relative_sign,0.059889066368341445,0.055720407664775845,0.0041686587035656
fresh_test,baseline,1.0,43,total,loss_structure,0.5936716928482055,0.5980140862464904,-0.004342393398284905
fresh_test,baseline,1.0,43,total,loss_total,0.9022432475090026,0.9076312456130982,-0.005387998104095515
fresh_test,baseline,1.0,43,total,absolute_sign_accuracy,0.8874000091552734,0.8866000061035156,-0.0008000030517577583
fresh_test,baseline,1.0,43,total,absolute_sign_set_accuracy,0.849,0.844,-0.0050000000000000044
fresh_test,baseline,1.0,43,total,charge_mae,0.2815070095062256,0.281251579284668,0.00025543022155760653
fresh_test,baseline,1.0,43,total,charge_magnitude_mae,0.1577753314971924,0.15680266189575195,0.0009726696014404346
fresh_test,baseline,1.0,43,total,global_invariant_charge_mae,0.19172690963745118,0.19487251091003419,-0.0031456012725830096
fresh_test,baseline,1.0,43,total,global_sign_accuracy,0.871,0.867,-0.0040000000000000036
fresh_test,baseline,1.0,43,total,global_sign_bce,0.30857155418396,0.30961715698242187,-0.0010456027984618865
fresh_test,baseline,1.0,43,total,mean_position_3d_error,0.7543666610717773,0.7620034484863282,-0.007636787414550872
fresh_test,baseline,1.0,43,total,mean_position_mae,0.37073923873901365,0.3742533073425293,-0.003514068603515663
fresh_test,baseline,1.0,43,total,observations_per_sample,32.0,32.0,0.0
fresh_test,baseline,1.0,43,total,observed_sample_fraction,1.0,1.0,0.0
fresh_test,baseline,1.0,43,total,pairwise_relative_sign_accuracy,0.9542000198364258,0.9485999908447266,-0.005600028991699202
fresh_test,baseline,1.0,43,total,position_mae_x,0.43959139251708984,0.4481249008178711,-0.008533508300781256
fresh_test,baseline,1.0,43,total,position_mae_y,0.4537677803039551,0.4523141860961914,0.0014535942077636976
fresh_test,baseline,1.0,43,total,position_mae_z,0.21885849380493164,0.22232078742980957,-0.0034622936248779324
fresh_test,baseline,1.0,43,total,relative_configuration_accuracy,0.919,0.909,-0.010000000000000009
fresh_test,baseline,1.0,43,total,relative_sign_accuracy,0.9619999923706055,0.9572000045776368,-0.004799987792968752
fresh_test,baseline,1.0,43,structure,loss_global_sign,0.3119496788978577,0.30961715936660766,0.0023325195312500213
fresh_test,baseline,1.0,43,structure,loss_magnitude,0.07623518389463425,0.07520692700147628,0.0010282568931579694
fresh_test,baseline,1.0,43,structure,loss_position,0.45999220180511474,0.4670867626667023,-0.007094560861587551
fresh_test,baseline,1.0,43,structure,loss_relative_sign,0.06661339300870896,0.055720407664775845,0.010892985343933112
fresh_test,baseline,1.0,43,structure,loss_structure,0.6028407940864563,0.5980140862464904,0.00482670783996586
fresh_test,baseline,1.0,43,structure,loss_total,0.9147904729843139,0.9076312456130982,0.007159227371215771
fresh_test,baseline,1.0,43,structure,absolute_sign_accuracy,0.8904000091552734,0.8866000061035156,-0.003800003051757761
fresh_test,baseline,1.0,43,structure,absolute_sign_set_accuracy,0.85,0.844,-0.006000000000000005
fresh_test,baseline,1.0,43,structure,charge_mae,0.2773580093383789,0.281251579284668,-0.0038935699462890883
fresh_test,baseline,1.0,43,structure,charge_magnitude_mae,0.15837547302246094,0.15680266189575195,0.001572811126708984
fresh_test,baseline,1.0,43,structure,global_invariant_charge_mae,0.1950911102294922,0.19487251091003419,0.0002185993194580016
fresh_test,baseline,1.0,43,structure,global_sign_accuracy,0.872,0.867,-0.0050000000000000044
fresh_test,baseline,1.0,43,structure,global_sign_bce,0.3119496765136719,0.30961715698242187,0.0023325195312500213
fresh_test,baseline,1.0,43,structure,mean_position_3d_error,0.7531196517944336,0.7620034484863282,-0.008883796691894541
fresh_test,baseline,1.0,43,structure,mean_position_mae,0.37031729507446287,0.3742533073425293,-0.003936012268066447
fresh_test,baseline,1.0,43,structure,observations_per_sample,32.0,32.0,0.0
fresh_test,baseline,1.0,43,structure,observed_sample_fraction,1.0,1.0,0.0
fresh_test,baseline,1.0,43,structure,pairwise_relative_sign_accuracy,0.9512000045776368,0.9485999908447266,-0.002600013732910189
fresh_test,baseline,1.0,43,structure,position_mae_x,0.4401687088012695,0.4481249008178711,-0.007956192016601582
fresh_test,baseline,1.0,43,structure,position_mae_y,0.450650390625,0.4523141860961914,-0.0016637954711913872
fresh_test,baseline,1.0,43,structure,position_mae_z,0.2201327133178711,0.22232078742980957,-0.0021880741119384706
fresh_test,baseline,1.0,43,structure,relative_configuration_accuracy,0.914,0.909,-0.0050000000000000044
fresh_test,baseline,1.0,43,structure,relative_sign_accuracy,0.9600000152587891,0.9572000045776368,-0.0028000106811523207
fresh_test,dropout020,1.0,41,total,loss_global_sign,0.3033176863193512,0.3032896845340729,2.8001785278286562e-05
fresh_test,dropout020,1.0,41,total,loss_magnitude,0.07681739443540574,0.07579898399114608,0.0010184104442596542
fresh_test,dropout020,1.0,41,total,loss_position,0.43111609959602354,0.41491583347320554,0.016200266122817997
fresh_test,dropout020,1.0,41,total,loss_relative_sign,0.06197349315881729,0.06238203769922256,-0.0004085445404052729
fresh_test,dropout020,1.0,41,total,loss_structure,0.5699069857597351,0.5530968508720397,0.016810134887695338
fresh_test,dropout020,1.0,41,total,loss_total,0.8732246720790863,0.8563865354061126,0.016838136672973625
fresh_test,dropout020,1.0,41,total,absolute_sign_accuracy,0.89,0.8845999984741211,-0.005400001525878939
fresh_test,dropout020,1.0,41,total,absolute_sign_set_accuracy,0.851,0.839,-0.01200000000000001
fresh_test,dropout020,1.0,41,total,charge_mae,0.2798674354553223,0.28276505088806153,-0.0028976154327392534
fresh_test,dropout020,1.0,41,total,charge_magnitude_mae,0.16000456237792968,0.15701354789733887,0.0029910144805908034
fresh_test,dropout020,1.0,41,total,global_invariant_charge_mae,0.19238937759399413,0.19720119857788085,-0.0048118209838867165
fresh_test,dropout020,1.0,41,total,global_sign_accuracy,0.872,0.873,0.0010000000000000009
fresh_test,dropout020,1.0,41,total,global_sign_bce,0.3033176860809326,0.3032896842956543,2.8001785278342073e-05
fresh_test,dropout020,1.0,41,total,mean_position_3d_error,0.7239032363891602,0.7076299133300781,0.016273323059082134
fresh_test,dropout020,1.0,41,total,mean_position_mae,0.3558256950378418,0.34756232833862305,0.008263366699218733
fresh_test,dropout020,1.0,41,total,observations_per_sample,32.0,32.0,0.0
fresh_test,dropout020,1.0,41,total,observed_sample_fraction,1.0,1.0,0.0
fresh_test,dropout020,1.0,41,total,pairwise_relative_sign_accuracy,0.954999984741211,0.9478000106811524,-0.007199974060058567
fresh_test,dropout020,1.0,41,total,position_mae_x,0.42633308029174805,0.41722966003417966,0.009103420257568384
fresh_test,dropout020,1.0,41,total,position_mae_y,0.4288295211791992,0.41907868576049806,0.009750835418701143
fresh_test,dropout020,1.0,41,total,position_mae_z,0.21231446266174317,0.2063786163330078,0.005935846328735367
fresh_test,dropout020,1.0,41,total,relative_configuration_accuracy,0.92,0.909,-0.01100000000000001
fresh_test,dropout020,1.0,41,total,relative_sign_accuracy,0.962,0.9588000030517578,-0.003199996948242134
fresh_test,dropout020,1.0,41,structure,loss_global_sign,0.3033176863193512,0.31139786410331727,-0.00808017778396608
fresh_test,dropout020,1.0,41,structure,loss_magnitude,0.07681739443540574,0.07535297048091888,0.001464423954486857
fresh_test,dropout020,1.0,41,structure,loss_position,0.43111609959602354,0.4159269244670868,0.01518917512893675
fresh_test,dropout020,1.0,41,structure,loss_relative_sign,0.06197349315881729,0.05918427810072899,0.0027892150580883027
fresh_test,dropout020,1.0,41,structure,loss_structure,0.5699069857597351,0.5504641704559327,0.01944281530380243
fresh_test,dropout020,1.0,41,structure,loss_total,0.8732246720790863,0.8618620345592499,0.01136263751983635
fresh_test,dropout020,1.0,41,structure,absolute_sign_accuracy,0.89,0.8764000015258789,-0.013599998474121078
fresh_test,dropout020,1.0,41,structure,absolute_sign_set_accuracy,0.851,0.835,-0.016000000000000014
fresh_test,dropout020,1.0,41,structure,charge_mae,0.2798674354553223,0.29409210205078123,-0.014224666595458957
fresh_test,dropout020,1.0,41,structure,charge_magnitude_mae,0.16000456237792968,0.1569942798614502,0.0030102825164794733
fresh_test,dropout020,1.0,41,structure,global_invariant_charge_mae,0.19238937759399413,0.19088548278808593,0.001503894805908207
fresh_test,dropout020,1.0,41,structure,global_sign_accuracy,0.872,0.86,-0.01200000000000001
fresh_test,dropout020,1.0,41,structure,global_sign_bce,0.3033176860809326,0.3113978614807129,-0.008080175399780287
fresh_test,dropout020,1.0,41,structure,mean_position_3d_error,0.7239032363891602,0.7032671737670898,0.020636062622070406
fresh_test,dropout020,1.0,41,structure,mean_position_mae,0.3558256950378418,0.3463806343078613,0.00944506072998047
fresh_test,dropout020,1.0,41,structure,observations_per_sample,32.0,32.0,0.0
fresh_test,dropout020,1.0,41,structure,observed_sample_fraction,1.0,1.0,0.0
fresh_test,dropout020,1.0,41,structure,pairwise_relative_sign_accuracy,0.954999984741211,0.9534000091552735,-0.0015999755859374964
fresh_test,dropout020,1.0,41,structure,position_mae_x,0.42633308029174805,0.41601144409179686,0.01032163619995119
fresh_test,dropout020,1.0,41,structure,position_mae_y,0.4288295211791992,0.4123275451660156,0.016501976013183595
fresh_test,dropout020,1.0,41,structure,position_mae_z,0.21231446266174317,0.21080286026000977,0.0015116024017333973
fresh_test,dropout020,1.0,41,structure,relative_configuration_accuracy,0.92,0.918,-0.0020000000000000018
fresh_test,dropout020,1.0,41,structure,relative_sign_accuracy,0.962,0.9620000152587891,1.5258789121119776e-08
fresh_test,dropout020,1.0,42,total,loss_global_sign,0.29658827996253967,0.2986682422161102,-0.002079962253570544
fresh_test,dropout020,1.0,42,total,loss_magnitude,0.07835555589199066,0.0745874136686325,0.0037681422233581535
fresh_test,dropout020,1.0,42,total,loss_position,0.4183368701934814,0.42537472414970395,-0.007037853956222528
fresh_test,dropout020,1.0,42,total,loss_relative_sign,0.0788585571050644,0.05679185056686401,0.022066706538200385
fresh_test,dropout020,1.0,42,total,loss_structure,0.5755509824752808,0.5567539882659912,0.018796994209289597
fresh_test,dropout020,1.0,42,total,loss_total,0.8721392624378205,0.8554222304821014,0.016717031955719053
fresh_test,dropout020,1.0,42,total,absolute_sign_accuracy,0.8851999893188477,0.8814000091552734,-0.0037999801635743014
fresh_test,dropout020,1.0,42,total,absolute_sign_set_accuracy,0.844,0.841,-0.0030000000000000027
fresh_test,dropout020,1.0,42,total,charge_mae,0.28550105094909667,0.28603999519348144,-0.0005389442443847758
fresh_test,dropout020,1.0,42,total,charge_magnitude_mae,0.16145136833190918,0.15616580009460448,0.005285568237304694
fresh_test,dropout020,1.0,42,total,global_invariant_charge_mae,0.1956814384460449,0.19124529838562013,0.004436140060424781
fresh_test,dropout020,1.0,42,total,global_sign_accuracy,0.876,0.869,-0.007000000000000006
fresh_test,dropout020,1.0,42,total,global_sign_bce,0.2965882797241211,0.29866823959350586,-0.002079959869384751
fresh_test,dropout020,1.0,42,total,mean_position_3d_error,0.716798225402832,0.7199288482666015,-0.0031306228637695277
fresh_test,dropout020,1.0,42,total,mean_position_mae,0.3512894859313965,0.35361366271972655,-0.002324176788330079
fresh_test,dropout020,1.0,42,total,observations_per_sample,32.0,32.0,0.0
fresh_test,dropout020,1.0,42,total,observed_sample_fraction,1.0,1.0,0.0
fresh_test,dropout020,1.0,42,total,pairwise_relative_sign_accuracy,0.9526000137329101,0.9517999877929687,-0.00080002593994144
fresh_test,dropout020,1.0,42,total,position_mae_x,0.44585705184936525,0.4466707649230957,-0.0008137130737304599
fresh_test,dropout020,1.0,42,total,position_mae_y,0.3942152252197266,0.39767544555664064,-0.003460220336914066
fresh_test,dropout020,1.0,42,total,position_mae_z,0.213796142578125,0.21649477767944336,-0.002698635101318375
fresh_test,dropout020,1.0,42,total,relative_configuration_accuracy,0.915,0.915,0.0
fresh_test,dropout020,1.0,42,total,relative_sign_accuracy,0.9587999954223633,0.9604000091552735,0.0016000137329101882
fresh_test,dropout020,1.0,42,structure,loss_global_sign,0.3054944679737091,0.31878072929382323,-0.013286261320114123
fresh_test,dropout020,1.0,42,structure,loss_magnitude,0.07827866876125336,0.07444741064310074,0.0038312581181526167
fresh_test,dropout020,1.0,42,structure,loss_position,0.4210919935703278,0.4179047956466675,0.00318719792366029
fresh_test,dropout020,1.0,42,structure,loss_relative_sign,0.07449506551027298,0.06273170071840287,0.01176336479187011
fresh_test,dropout020,1.0,42,structure,loss_structure,0.5738657298088073,0.5550839085578918,0.018781821250915542
fresh_test,dropout020,1.0,42,structure,loss_total,0.8793601977825165,0.873864637851715,0.00549555993080153
fresh_test,dropout020,1.0,42,structure,absolute_sign_accuracy,0.8838000030517578,0.8758000183105469,-0.007999984741210886
fresh_test,dropout020,1.0,42,structure,absolute_sign_set_accuracy,0.841,0.833,-0.008000000000000007
fresh_test,dropout020,1.0,42,structure,charge_mae,0.28726236915588377,0.2929598846435547,-0.0056975154876709455
fresh_test,dropout020,1.0,42,structure,charge_magnitude_mae,0.16113619613647462,0.15588714027404785,0.005249055862426771
fresh_test,dropout020,1.0,42,structure,global_invariant_charge_mae,0.19968555450439454,0.19005378341674806,0.009631771087646485
fresh_test,dropout020,1.0,42,structure,global_sign_accuracy,0.867,0.861,-0.006000000000000005
fresh_test,dropout020,1.0,42,structure,global_sign_bce,0.30549446678161624,0.3187807273864746,-0.01328626060485838
fresh_test,dropout020,1.0,42,structure,mean_position_3d_error,0.7158536529541015,0.7147556762695313,0.0010979766845702343
fresh_test,dropout020,1.0,42,structure,mean_position_mae,0.35012365341186524,0.3512134208679199,-0.0010897674560546577
fresh_test,dropout020,1.0,42,structure,observations_per_sample,32.0,32.0,0.0
fresh_test,dropout020,1.0,42,structure,observed_sample_fraction,1.0,1.0,0.0
fresh_test,dropout020,1.0,42,structure,pairwise_relative_sign_accuracy,0.9491999816894531,0.952999984741211,0.003800003051757872
fresh_test,dropout020,1.0,42,structure,position_mae_x,0.4490205612182617,0.44333677291870116,0.005683788299560566
fresh_test,dropout020,1.0,42,structure,position_mae_y,0.3889706954956055,0.39527203369140623,-0.006301338195800754
fresh_test,dropout020,1.0,42,structure,position_mae_z,0.21237965774536133,0.21503139686584472,-0.0026517391204833873
fresh_test,dropout020,1.0,42,structure,relative_configuration_accuracy,0.911,0.917,0.006000000000000005
fresh_test,dropout020,1.0,42,structure,relative_sign_accuracy,0.9592000198364258,0.9611999969482422,0.001999977111816431
fresh_test,dropout020,1.0,43,total,loss_global_sign,0.3090260636806488,0.30317405867576597,0.00585200500488281
fresh_test,dropout020,1.0,43,total,loss_magnitude,0.07648065578937531,0.07541853284835816,0.0010621229410171518
fresh_test,dropout020,1.0,43,total,loss_position,0.4433971164226532,0.42694154334068296,0.016455573081970265
fresh_test,dropout020,1.0,43,total,loss_relative_sign,0.0647687651515007,0.07005378943681717,-0.005285024285316464
fresh_test,dropout020,1.0,43,total,loss_structure,0.5846465430259704,0.5724138622283935,0.01223268079757689
fresh_test,dropout020,1.0,43,total,loss_total,0.8936726067066192,0.8755879209041595,0.0180846858024597
fresh_test,dropout020,1.0,43,total,absolute_sign_accuracy,0.8868000030517578,0.8868000030517578,0.0
fresh_test,dropout020,1.0,43,total,absolute_sign_set_accuracy,0.841,0.841,0.0
fresh_test,dropout020,1.0,43,total,charge_mae,0.2833558616638184,0.28109889793396,0.0022569637298583967
fresh_test,dropout020,1.0,43,total,charge_magnitude_mae,0.15960972023010253,0.1570294189453125,0.002580301284790032
fresh_test,dropout020,1.0,43,total,global_invariant_charge_mae,0.19858980178833008,0.19799093437194823,0.0005988674163818486
fresh_test,dropout020,1.0,43,total,global_sign_accuracy,0.87,0.872,0.0020000000000000018
fresh_test,dropout020,1.0,43,total,global_sign_bce,0.3090260639190674,0.3031740589141846,0.00585200500488281
fresh_test,dropout020,1.0,43,total,mean_position_3d_error,0.7377230453491211,0.7183027725219726,0.019420272827148533
fresh_test,dropout020,1.0,43,total,mean_position_mae,0.3622520713806152,0.35284273147583006,0.009409339904785152
fresh_test,dropout020,1.0,43,total,observations_per_sample,32.0,32.0,0.0
fresh_test,dropout020,1.0,43,total,observed_sample_fraction,1.0,1.0,0.0
fresh_test,dropout020,1.0,43,total,pairwise_relative_sign_accuracy,0.9467999954223633,0.9457999954223633,-0.0010000000000000009
fresh_test,dropout020,1.0,43,total,position_mae_x,0.43139966583251954,0.419758674621582,0.011640991210937535
fresh_test,dropout020,1.0,43,total,position_mae_y,0.438080753326416,0.4261999969482422,0.011880756378173818
fresh_test,dropout020,1.0,43,total,position_mae_z,0.21727577209472657,0.21256948471069337,0.004706287384033198
fresh_test,dropout020,1.0,43,total,relative_configuration_accuracy,0.906,0.904,-0.0020000000000000018
fresh_test,dropout020,1.0,43,total,relative_sign_accuracy,0.9560000152587891,0.9548000183105468,-0.0011999969482422435
fresh_test,dropout020,1.0,43,structure,loss_global_sign,0.3090260636806488,0.306301504611969,0.0027245590686797994
fresh_test,dropout020,1.0,43,structure,loss_magnitude,0.07648065578937531,0.07511093533039093,0.001369720458984383
fresh_test,dropout020,1.0,43,structure,loss_position,0.4433971164226532,0.4361001789569855,0.00729693746566773
fresh_test,dropout020,1.0,43,structure,loss_relative_sign,0.0647687651515007,0.06398610359430314,0.0007826615571975698
fresh_test,dropout020,1.0,43,structure,loss_structure,0.5846465430259704,0.5751972165107727,0.009449326515197698
fresh_test,dropout020,1.0,43,structure,loss_total,0.8936726067066192,0.8814987211227416,0.012173885583877553
fresh_test,dropout020,1.0,43,structure,absolute_sign_accuracy,0.8868000030517578,0.8863999938964844,-0.0004000091552733842
fresh_test,dropout020,1.0,43,structure,absolute_sign_set_accuracy,0.841,0.846,0.0050000000000000044
fresh_test,dropout020,1.0,43,structure,charge_mae,0.2833558616638184,0.2805822048187256,0.0027736568450927868
fresh_test,dropout020,1.0,43,structure,charge_magnitude_mae,0.15960972023010253,0.1567105941772461,0.0028991260528564433
fresh_test,dropout020,1.0,43,structure,global_invariant_charge_mae,0.19858980178833008,0.19385037231445312,0.004739429473876955
fresh_test,dropout020,1.0,43,structure,global_sign_accuracy,0.87,0.87,0.0
fresh_test,dropout020,1.0,43,structure,global_sign_bce,0.3090260639190674,0.3063015022277832,0.0027245616912842108
fresh_test,dropout020,1.0,43,structure,mean_position_3d_error,0.7377230453491211,0.7251273956298828,0.012595649719238322
fresh_test,dropout020,1.0,43,structure,mean_position_mae,0.3622520713806152,0.356593074798584,0.005658996582031228
fresh_test,dropout020,1.0,43,structure,observations_per_sample,32.0,32.0,0.0
fresh_test,dropout020,1.0,43,structure,observed_sample_fraction,1.0,1.0,0.0
fresh_test,dropout020,1.0,43,structure,pairwise_relative_sign_accuracy,0.9467999954223633,0.950599983215332,0.003799987792968751
fresh_test,dropout020,1.0,43,structure,position_mae_x,0.43139966583251954,0.4209566993713379,0.010442966461181646
fresh_test,dropout020,1.0,43,structure,position_mae_y,0.438080753326416,0.42908989334106445,0.00899085998535154
fresh_test,dropout020,1.0,43,structure,position_mae_z,0.21727577209472657,0.21973263931274414,-0.0024568672180175777
fresh_test,dropout020,1.0,43,structure,relative_configuration_accuracy,0.906,0.913,0.007000000000000006
fresh_test,dropout020,1.0,43,structure,relative_sign_accuracy,0.9560000152587891,0.9596000061035156,0.0035999908447265083
